Date,Temp_C,Location_ID
20150101,1.01,Berlin
20150102,2.73,Berlin
20150103,1.74,Berlin
20150104,1.29,Berlin
20150105,1.32,Berlin
20150106,0.35,Berlin
20150107,0.3,Berlin
20150108,1.91,Berlin
20150109,5.31,Berlin
20150110,7.63,Berlin
20150111,2.79,Berlin
20150112,4.98,Berlin
20150113,7.35,Berlin
20150114,4.76,Berlin
20150115,2.5,Berlin
20150116,4.71,Berlin
20150117,0.9,Berlin
20150118,-1.15,Berlin
20150119,-0.78,Berlin
20150120,-0.56,Berlin
20150121,-1.21,Berlin
20150122,-1.23,Berlin
20150123,-1.24,Berlin
20150124,-1.86,Berlin
20150125,-0.21,Berlin
20150126,0.78,Berlin
20150127,1.2,Berlin
20150128,1.27,Berlin
20150129,0.24,Berlin
20150130,-0.2,Berlin
20150131,-0.67,Berlin
20150201,-1.51,Berlin
20150202,-0.27,Berlin
20150203,-1.1,Berlin
20150204,-2.73,Berlin
20150205,-2.92,Berlin
20150206,-5.06,Berlin
20150207,-1.85,Berlin
20150208,-0.34,Berlin
20150209,1.78,Berlin
20150210,2.17,Berlin
20150211,2.09,Berlin
20150212,-0.68,Berlin
20150213,-0.69,Berlin
20150214,-0.75,Berlin
20150215,0.59,Berlin
20150216,-0.17,Berlin
20150217,-0.37,Berlin
20150218,1.04,Berlin
20150219,0.47,Berlin
20150220,1.09,Berlin
20150221,2.63,Berlin
20150222,0.56,Berlin
20150223,0.56,Berlin
20150224,2.24,Berlin
20150225,2.2,Berlin
20150226,1.64,Berlin
20150227,1.91,Berlin
20150228,2.06,Berlin
20150301,2.47,Berlin
20150302,3.89,Berlin
20150303,3.64,Berlin
20150304,3.01,Berlin
20150305,3.35,Berlin
20150306,3.73,Berlin
20150307,4.82,Berlin
20150308,7.27,Berlin
20150309,7.21,Berlin
20150310,4.89,Berlin
20150311,3.26,Berlin
20150312,2.68,Berlin
20150313,2.73,Berlin
20150314,3.66,Berlin
20150315,4.88,Berlin
20150316,7.13,Berlin
20150317,8.85,Berlin
20150318,6.03,Berlin
20150319,4.47,Berlin
20150320,5.05,Berlin
20150321,2.63,Berlin
20150322,0.44,Berlin
20150323,3.45,Berlin
20150324,6.02,Berlin
20150325,7.81,Berlin
20150326,6.83,Berlin
20150327,5.95,Berlin
20150328,6.09,Berlin
20150329,8.55,Berlin
20150330,5.4,Berlin
20150331,4.89,Berlin
20150401,3.76,Berlin
20150402,2.78,Berlin
20150403,3.59,Berlin
20150404,3.06,Berlin
20150405,3.49,Berlin
20150406,3.14,Berlin
20150407,5.81,Berlin
20150408,7.23,Berlin
20150409,9.48,Berlin
20150410,12.17,Berlin
20150411,12.47,Berlin
20150412,8.66,Berlin
20150413,7.98,Berlin
20150414,8.22,Berlin
20150415,13.56,Berlin
20150416,8.92,Berlin
20150417,6.57,Berlin
20150418,6.55,Berlin
20150419,8.6,Berlin
20150420,9.74,Berlin
20150421,10.93,Berlin
20150422,8.73,Berlin
20150423,10.09,Berlin
20150424,12.47,Berlin
20150425,13.06,Berlin
20150426,13.2,Berlin
20150427,10.71,Berlin
20150428,7.2,Berlin
20150429,8.44,Berlin
20150430,9.97,Berlin
20150501,9.0,Berlin
20150502,9.05,Berlin
20150503,12.58,Berlin
20150504,16.14,Berlin
20150505,17.64,Berlin
20150506,14.19,Berlin
20150507,12.02,Berlin
20150508,12.56,Berlin
20150509,14.72,Berlin
20150510,10.99,Berlin
20150511,13.27,Berlin
20150512,16.05,Berlin
20150513,12.47,Berlin
20150514,10.63,Berlin
20150515,11.25,Berlin
20150516,10.36,Berlin
20150517,10.51,Berlin
20150518,14.02,Berlin
20150519,14.22,Berlin
20150520,12.57,Berlin
20150521,11.42,Berlin
20150522,13.99,Berlin
20150523,14.3,Berlin
20150524,14.27,Berlin
20150525,15.64,Berlin
20150526,12.94,Berlin
20150527,11.31,Berlin
20150528,13.51,Berlin
20150529,13.92,Berlin
20150530,12.33,Berlin
20150531,14.43,Berlin
20150601,13.65,Berlin
20150602,16.84,Berlin
20150603,18.15,Berlin
20150604,15.77,Berlin
20150605,20.3,Berlin
20150606,21.87,Berlin
20150607,18.04,Berlin
20150608,15.23,Berlin
20150609,15.06,Berlin
20150610,17.04,Berlin
20150611,18.34,Berlin
20150612,19.07,Berlin
20150613,22.22,Berlin
20150614,18.37,Berlin
20150615,15.45,Berlin
20150616,12.73,Berlin
20150617,14.94,Berlin
20150618,15.84,Berlin
20150619,13.11,Berlin
20150620,13.12,Berlin
20150621,15.14,Berlin
20150622,14.37,Berlin
20150623,12.07,Berlin
20150624,13.26,Berlin
20150625,17.62,Berlin
20150626,19.15,Berlin
20150627,18.75,Berlin
20150628,18.27,Berlin
20150629,20.88,Berlin
20150630,20.92,Berlin
20150701,21.33,Berlin
20150702,23.92,Berlin
20150703,26.88,Berlin
20150704,29.91,Berlin
20150705,30.59,Berlin
20150706,22.41,Berlin
20150707,24.52,Berlin
20150708,19.87,Berlin
20150709,15.67,Berlin
20150710,15.04,Berlin
20150711,16.84,Berlin
20150712,18.65,Berlin
20150713,17.62,Berlin
20150714,18.21,Berlin
20150715,19.43,Berlin
20150716,21.17,Berlin
20150717,24.52,Berlin
20150718,23.5,Berlin
20150719,19.1,Berlin
20150720,18.77,Berlin
20150721,22.96,Berlin
20150722,23.91,Berlin
20150723,20.74,Berlin
20150724,21.16,Berlin
20150725,21.51,Berlin
20150726,17.0,Berlin
20150727,18.17,Berlin
20150728,17.66,Berlin
20150729,16.88,Berlin
20150730,16.07,Berlin
20150731,15.26,Berlin
20150801,18.25,Berlin
20150802,22.16,Berlin
20150803,24.38,Berlin
20150804,26.76,Berlin
20150805,21.6,Berlin
20150806,25.99,Berlin
20150807,28.9,Berlin
20150808,25.93,Berlin
20150809,22.75,Berlin
20150810,25.1,Berlin
20150811,26.81,Berlin
20150812,23.19,Berlin
20150813,23.97,Berlin
20150814,27.16,Berlin
20150815,24.45,Berlin
20150816,23.33,Berlin
20150817,21.46,Berlin
20150818,18.41,Berlin
20150819,19.12,Berlin
20150820,19.94,Berlin
20150821,20.59,Berlin
20150822,20.44,Berlin
20150823,19.57,Berlin
20150824,20.8,Berlin
20150825,18.36,Berlin
20150826,19.94,Berlin
20150827,20.68,Berlin
20150828,17.54,Berlin
20150829,19.04,Berlin
20150830,24.03,Berlin
20150831,26.66,Berlin
20150901,21.77,Berlin
20150902,16.65,Berlin
20150903,15.77,Berlin
20150904,14.32,Berlin
20150905,13.8,Berlin
20150906,13.24,Berlin
20150907,13.23,Berlin
20150908,14.38,Berlin
20150909,13.29,Berlin
20150910,14.09,Berlin
20150911,14.72,Berlin
20150912,16.42,Berlin
20150913,18.81,Berlin
20150914,17.58,Berlin
20150915,15.24,Berlin
20150916,16.88,Berlin
20150917,18.57,Berlin
20150918,15.14,Berlin
20150919,14.81,Berlin
20150920,12.46,Berlin
20150921,12.36,Berlin
20150922,14.19,Berlin
20150923,12.6,Berlin
20150924,13.14,Berlin
20150925,13.23,Berlin
20150926,12.17,Berlin
20150927,11.61,Berlin
20150928,11.8,Berlin
20150929,11.42,Berlin
20150930,10.72,Berlin
20151001,10.79,Berlin
20151002,11.49,Berlin
20151003,12.84,Berlin
20151004,13.75,Berlin
20151005,13.6,Berlin
20151006,13.07,Berlin
20151007,13.46,Berlin
20151008,7.81,Berlin
20151009,7.98,Berlin
20151010,5.66,Berlin
20151011,3.78,Berlin
20151012,3.15,Berlin
20151013,3.38,Berlin
20151014,3.88,Berlin
20151015,5.7,Berlin
20151016,6.9,Berlin
20151017,6.7,Berlin
20151018,6.24,Berlin
20151019,7.29,Berlin
20151020,8.24,Berlin
20151021,7.17,Berlin
20151022,8.02,Berlin
20151023,9.35,Berlin
20151024,7.53,Berlin
20151025,8.41,Berlin
20151026,7.02,Berlin
20151027,6.87,Berlin
20151028,6.04,Berlin
20151029,6.42,Berlin
20151030,7.3,Berlin
20151031,8.29,Berlin
20151101,7.15,Berlin
20151102,6.37,Berlin
20151103,4.04,Berlin
20151104,3.4,Berlin
20151105,8.28,Berlin
20151106,10.06,Berlin
20151107,13.79,Berlin
20151108,11.94,Berlin
20151109,12.02,Berlin
20151110,12.88,Berlin
20151111,12.26,Berlin
20151112,10.12,Berlin
20151113,9.77,Berlin
20151114,6.6,Berlin
20151115,9.27,Berlin
20151116,10.46,Berlin
20151117,10.8,Berlin
20151118,10.75,Berlin
20151119,10.22,Berlin
20151120,6.47,Berlin
20151121,3.57,Berlin
20151122,0.78,Berlin
20151123,-1.21,Berlin
20151124,-0.56,Berlin
20151125,0.72,Berlin
20151126,2.45,Berlin
20151127,1.11,Berlin
20151128,-0.58,Berlin
20151129,4.09,Berlin
20151130,5.24,Berlin
20151201,4.53,Berlin
20151202,7.64,Berlin
20151203,5.08,Berlin
20151204,4.43,Berlin
20151205,4.09,Berlin
20151206,5.91,Berlin
20151207,8.92,Berlin
20151208,6.28,Berlin
20151209,5.12,Berlin
20151210,2.41,Berlin
20151211,2.42,Berlin
20151212,4.2,Berlin
20151213,4.53,Berlin
20151214,1.53,Berlin
20151215,3.71,Berlin
20151216,4.72,Berlin
20151217,8.73,Berlin
20151218,8.79,Berlin
20151219,7.42,Berlin
20151220,7.53,Berlin
20151221,7.46,Berlin
20151222,9.7,Berlin
20151223,8.98,Berlin
20151224,6.44,Berlin
20151225,7.07,Berlin
20151226,10.74,Berlin
20151227,8.0,Berlin
20151228,5.11,Berlin
20151229,2.76,Berlin
20151230,-1.53,Berlin
20151231,-1.45,Berlin
20160101,0.0,Berlin
20160102,-3.57,Berlin
20160103,-9.53,Berlin
20160104,-8.76,Berlin
20160105,-7.48,Berlin
20160106,-7.83,Berlin
20160107,-6.25,Berlin
20160108,1.14,Berlin
20160109,-0.69,Berlin
20160110,-0.3,Berlin
20160111,0.93,Berlin
20160112,0.84,Berlin
20160113,0.28,Berlin
20160114,-0.32,Berlin
20160115,-1.18,Berlin
20160116,-2.45,Berlin
20160117,-2.91,Berlin
20160118,-5.82,Berlin
20160119,-6.98,Berlin
20160120,-3.29,Berlin
20160121,-5.24,Berlin
20160122,-8.47,Berlin
20160123,-2.78,Berlin
20160124,1.28,Berlin
20160125,3.72,Berlin
20160126,4.75,Berlin
20160127,7.39,Berlin
20160128,5.27,Berlin
20160129,3.02,Berlin
20160130,5.22,Berlin
20160131,2.32,Berlin
20160201,5.46,Berlin
20160202,7.84,Berlin
20160203,3.55,Berlin
20160204,2.16,Berlin
20160205,2.6,Berlin
20160206,5.49,Berlin
20160207,4.99,Berlin
20160208,5.53,Berlin
20160209,6.56,Berlin
20160210,3.43,Berlin
20160211,3.32,Berlin
20160212,1.25,Berlin
20160213,1.14,Berlin
20160214,1.19,Berlin
20160215,1.69,Berlin
20160216,-0.9,Berlin
20160217,-0.68,Berlin
20160218,1.01,Berlin
20160219,0.57,Berlin
20160220,0.98,Berlin
20160221,7.07,Berlin
20160222,6.86,Berlin
20160223,3.33,Berlin
20160224,1.82,Berlin
20160225,0.08,Berlin
20160226,0.3,Berlin
20160227,-0.1,Berlin
20160228,0.51,Berlin
20160229,-0.21,Berlin
20160301,-0.26,Berlin
20160302,2.57,Berlin
20160303,2.56,Berlin
20160304,2.15,Berlin
20160305,3.57,Berlin
20160306,1.84,Berlin
20160307,2.24,Berlin
20160308,2.44,Berlin
20160309,1.64,Berlin
20160310,2.98,Berlin
20160311,2.56,Berlin
20160312,1.54,Berlin
20160313,0.79,Berlin
20160314,2.3,Berlin
20160315,4.26,Berlin
20160316,2.82,Berlin
20160317,4.38,Berlin
20160318,2.84,Berlin
20160319,4.62,Berlin
20160320,5.04,Berlin
20160321,5.16,Berlin
20160322,5.36,Berlin
20160323,3.95,Berlin
20160324,3.9,Berlin
20160325,5.24,Berlin
20160326,7.24,Berlin
20160327,7.22,Berlin
20160328,8.29,Berlin
20160329,6.26,Berlin
20160330,6.15,Berlin
20160331,6.58,Berlin
20160401,6.98,Berlin
20160402,7.51,Berlin
20160403,10.9,Berlin
20160404,13.84,Berlin
20160405,14.0,Berlin
20160406,10.54,Berlin
20160407,8.74,Berlin
20160408,7.35,Berlin
20160409,8.61,Berlin
20160410,7.04,Berlin
20160411,8.07,Berlin
20160412,10.11,Berlin
20160413,12.06,Berlin
20160414,8.71,Berlin
20160415,8.15,Berlin
20160416,9.99,Berlin
20160417,7.87,Berlin
20160418,6.81,Berlin
20160419,8.42,Berlin
20160420,7.65,Berlin
20160421,7.51,Berlin
20160422,7.66,Berlin
20160423,6.39,Berlin
20160424,3.81,Berlin
20160425,3.96,Berlin
20160426,4.24,Berlin
20160427,4.79,Berlin
20160428,4.8,Berlin
20160429,7.72,Berlin
20160430,10.91,Berlin
20160501,10.9,Berlin
20160502,11.87,Berlin
20160503,12.35,Berlin
20160504,9.22,Berlin
20160505,11.91,Berlin
20160506,15.09,Berlin
20160507,16.11,Berlin
20160508,16.31,Berlin
20160509,17.18,Berlin
20160510,17.02,Berlin
20160511,17.81,Berlin
20160512,17.43,Berlin
20160513,15.23,Berlin
20160514,10.53,Berlin
20160515,8.09,Berlin
20160516,9.41,Berlin
20160517,9.35,Berlin
20160518,13.58,Berlin
20160519,16.43,Berlin
20160520,15.87,Berlin
20160521,17.62,Berlin
20160522,20.81,Berlin
20160523,19.99,Berlin
20160524,17.59,Berlin
20160525,14.52,Berlin
20160526,14.48,Berlin
20160527,16.91,Berlin
20160528,18.78,Berlin
20160529,20.53,Berlin
20160530,21.12,Berlin
20160531,19.85,Berlin
20160601,19.6,Berlin
20160602,20.54,Berlin
20160603,21.66,Berlin
20160604,22.23,Berlin
20160605,22.95,Berlin
20160606,20.14,Berlin
20160607,20.32,Berlin
20160608,20.53,Berlin
20160609,17.66,Berlin
20160610,16.81,Berlin
20160611,16.94,Berlin
20160612,16.83,Berlin
20160613,16.27,Berlin
20160614,17.49,Berlin
20160615,16.51,Berlin
20160616,18.02,Berlin
20160617,15.64,Berlin
20160618,16.84,Berlin
20160619,16.54,Berlin
20160620,18.07,Berlin
20160621,19.27,Berlin
20160622,22.64,Berlin
20160623,26.02,Berlin
20160624,27.99,Berlin
20160625,25.89,Berlin
20160626,19.5,Berlin
20160627,19.19,Berlin
20160628,18.9,Berlin
20160629,19.86,Berlin
20160630,20.97,Berlin
20160701,22.67,Berlin
20160702,18.54,Berlin
20160703,16.37,Berlin
20160704,18.09,Berlin
20160705,19.64,Berlin
20160706,16.09,Berlin
20160707,17.17,Berlin
20160708,20.33,Berlin
20160709,19.17,Berlin
20160710,24.21,Berlin
20160711,24.48,Berlin
20160712,21.07,Berlin
20160713,18.83,Berlin
20160714,16.08,Berlin
20160715,16.6,Berlin
20160716,19.08,Berlin
20160717,20.54,Berlin
20160718,19.4,Berlin
20160719,20.55,Berlin
20160720,23.3,Berlin
20160721,24.68,Berlin
20160722,23.76,Berlin
20160723,22.92,Berlin
20160724,23.7,Berlin
20160725,25.39,Berlin
20160726,24.15,Berlin
20160727,20.5,Berlin
20160728,20.87,Berlin
20160729,21.78,Berlin
20160730,21.35,Berlin
20160731,20.12,Berlin
20160801,17.72,Berlin
20160802,16.24,Berlin
20160803,18.68,Berlin
20160804,20.73,Berlin
20160805,18.25,Berlin
20160806,17.92,Berlin
20160807,19.24,Berlin
20160808,21.27,Berlin
20160809,16.51,Berlin
20160810,12.85,Berlin
20160811,14.06,Berlin
20160812,17.01,Berlin
20160813,21.03,Berlin
20160814,18.29,Berlin
20160815,16.58,Berlin
20160816,16.5,Berlin
20160817,16.41,Berlin
20160818,17.13,Berlin
20160819,19.98,Berlin
20160820,21.12,Berlin
20160821,18.75,Berlin
20160822,19.11,Berlin
20160823,20.54,Berlin
20160824,22.1,Berlin
20160825,23.09,Berlin
20160826,24.47,Berlin
20160827,25.07,Berlin
20160828,26.04,Berlin
20160829,20.12,Berlin
20160830,17.61,Berlin
20160831,19.71,Berlin
20160901,20.09,Berlin
20160902,19.98,Berlin
20160903,20.46,Berlin
20160904,18.04,Berlin
20160905,17.18,Berlin
20160906,17.16,Berlin
20160907,19.55,Berlin
20160908,22.47,Berlin
20160909,21.48,Berlin
20160910,21.42,Berlin
20160911,22.92,Berlin
20160912,23.93,Berlin
20160913,23.99,Berlin
20160914,22.67,Berlin
20160915,20.22,Berlin
20160916,20.76,Berlin
20160917,18.81,Berlin
20160918,16.43,Berlin
20160919,14.86,Berlin
20160920,13.97,Berlin
20160921,15.54,Berlin
20160922,14.27,Berlin
20160923,16.57,Berlin
20160924,15.75,Berlin
20160925,16.59,Berlin
20160926,15.78,Berlin
20160927,15.78,Berlin
20160928,16.69,Berlin
20160929,19.77,Berlin
20160930,15.89,Berlin
20161001,12.81,Berlin
20161002,13.18,Berlin
20161003,12.02,Berlin
20161004,12.35,Berlin
20161005,9.58,Berlin
20161006,10.8,Berlin
20161007,9.95,Berlin
20161008,9.32,Berlin
20161009,8.4,Berlin
20161010,7.81,Berlin
20161011,7.17,Berlin
20161012,7.17,Berlin
20161013,6.98,Berlin
20161014,6.96,Berlin
20161015,8.88,Berlin
20161016,9.46,Berlin
20161017,8.58,Berlin
20161018,10.03,Berlin
20161019,9.13,Berlin
20161020,8.01,Berlin
20161021,6.94,Berlin
20161022,6.37,Berlin
20161023,5.76,Berlin
20161024,7.02,Berlin
20161025,7.18,Berlin
20161026,6.1,Berlin
20161027,7.75,Berlin
20161028,9.63,Berlin
20161029,8.54,Berlin
20161030,7.4,Berlin
20161031,6.67,Berlin
20161101,8.48,Berlin
20161102,5.36,Berlin
20161103,2.83,Berlin
20161104,4.31,Berlin
20161105,4.05,Berlin
20161106,4.4,Berlin
20161107,3.26,Berlin
20161108,2.07,Berlin
20161109,0.16,Berlin
20161110,-0.96,Berlin
20161111,-0.98,Berlin
20161112,-1.61,Berlin
20161113,-1.33,Berlin
20161114,-0.43,Berlin
20161115,1.08,Berlin
20161116,4.37,Berlin
20161117,7.44,Berlin
20161118,8.44,Berlin
20161119,5.46,Berlin
20161120,5.27,Berlin
20161121,7.22,Berlin
20161122,7.28,Berlin
20161123,6.44,Berlin
20161124,4.47,Berlin
20161125,1.67,Berlin
20161126,-0.02,Berlin
20161127,2.25,Berlin
20161128,-2.0,Berlin
20161129,-2.75,Berlin
20161130,-0.45,Berlin
20161201,4.32,Berlin
20161202,1.86,Berlin
20161203,-1.76,Berlin
20161204,-1.18,Berlin
20161205,-2.44,Berlin
20161206,-0.68,Berlin
20161207,0.02,Berlin
20161208,2.7,Berlin
20161209,4.79,Berlin
20161210,6.21,Berlin
20161211,5.9,Berlin
20161212,2.18,Berlin
20161213,0.83,Berlin
20161214,2.72,Berlin
20161215,-0.37,Berlin
20161216,-1.79,Berlin
20161217,-1.5,Berlin
20161218,1.4,Berlin
20161219,0.45,Berlin
20161220,-1.88,Berlin
20161221,-1.81,Berlin
20161222,-0.87,Berlin
20161223,1.7,Berlin
20161224,2.36,Berlin
20161225,6.36,Berlin
20161226,7.5,Berlin
20161227,5.09,Berlin
20161228,5.57,Berlin
20161229,1.59,Berlin
20161230,-0.8,Berlin
20161231,-0.62,Berlin
20170101,-0.03,Berlin
20170102,-0.59,Berlin
20170103,1.01,Berlin
20170104,2.0,Berlin
20170105,-3.36,Berlin
20170106,-5.51,Berlin
20170107,-6.0,Berlin
20170108,-2.76,Berlin
20170109,-2.2,Berlin
20170110,-4.53,Berlin
20170111,-3.87,Berlin
20170112,1.54,Berlin
20170113,0.13,Berlin
20170114,-1.24,Berlin
20170115,-0.82,Berlin
20170116,-4.1,Berlin
20170117,-4.73,Berlin
20170118,-4.82,Berlin
20170119,-4.46,Berlin
20170120,-1.75,Berlin
20170121,-0.3,Berlin
20170122,-4.41,Berlin
20170123,-5.01,Berlin
20170124,-2.91,Berlin
20170125,-2.05,Berlin
20170126,-2.5,Berlin
20170127,-5.09,Berlin
20170128,-7.02,Berlin
20170129,-3.12,Berlin
20170130,-1.64,Berlin
20170131,-1.18,Berlin
20170201,-3.54,Berlin
20170202,-2.83,Berlin
20170203,0.17,Berlin
20170204,0.79,Berlin
20170205,0.46,Berlin
20170206,-1.72,Berlin
20170207,-3.5,Berlin
20170208,-5.76,Berlin
20170209,-6.09,Berlin
20170210,-4.74,Berlin
20170211,-4.23,Berlin
20170212,-4.14,Berlin
20170213,-4.52,Berlin
20170214,-3.76,Berlin
20170215,-0.13,Berlin
20170216,2.64,Berlin
20170217,2.46,Berlin
20170218,2.02,Berlin
20170219,2.18,Berlin
20170220,5.4,Berlin
20170221,5.94,Berlin
20170222,6.26,Berlin
20170223,5.49,Berlin
20170224,2.09,Berlin
20170225,2.06,Berlin
20170226,5.7,Berlin
20170227,7.11,Berlin
20170228,6.19,Berlin
20170301,3.79,Berlin
20170302,4.03,Berlin
20170303,5.14,Berlin
20170304,7.29,Berlin
20170305,6.95,Berlin
20170306,4.02,Berlin
20170307,2.54,Berlin
20170308,4.05,Berlin
20170309,5.47,Berlin
20170310,5.71,Berlin
20170311,3.32,Berlin
20170312,1.67,Berlin
20170313,2.48,Berlin
20170314,4.76,Berlin
20170315,8.0,Berlin
20170316,5.93,Berlin
20170317,5.82,Berlin
20170318,5.04,Berlin
20170319,4.02,Berlin
20170320,10.17,Berlin
20170321,8.63,Berlin
20170322,5.75,Berlin
20170323,4.39,Berlin
20170324,5.74,Berlin
20170325,5.74,Berlin
20170326,7.17,Berlin
20170327,8.6,Berlin
20170328,10.4,Berlin
20170329,9.89,Berlin
20170330,11.8,Berlin
20170331,13.8,Berlin
20170401,14.18,Berlin
20170402,11.74,Berlin
20170403,8.95,Berlin
20170404,9.56,Berlin
20170405,8.91,Berlin
20170406,8.01,Berlin
20170407,7.94,Berlin
20170408,10.01,Berlin
20170409,12.27,Berlin
20170410,10.41,Berlin
20170411,6.79,Berlin
20170412,8.49,Berlin
20170413,8.12,Berlin
20170414,7.4,Berlin
20170415,7.37,Berlin
20170416,5.78,Berlin
20170417,5.23,Berlin
20170418,3.97,Berlin
20170419,2.41,Berlin
20170420,3.59,Berlin
20170421,8.35,Berlin
20170422,6.71,Berlin
20170423,5.59,Berlin
20170424,7.34,Berlin
20170425,6.99,Berlin
20170426,6.33,Berlin
20170427,6.78,Berlin
20170428,8.11,Berlin
20170429,6.78,Berlin
20170430,7.35,Berlin
20170501,9.93,Berlin
20170502,9.4,Berlin
20170503,10.87,Berlin
20170504,8.86,Berlin
20170505,10.73,Berlin
20170506,11.83,Berlin
20170507,12.13,Berlin
20170508,7.49,Berlin
20170509,6.0,Berlin
20170510,7.66,Berlin
20170511,12.12,Berlin
20170512,14.73,Berlin
20170513,14.64,Berlin
20170514,15.15,Berlin
20170515,15.06,Berlin
20170516,15.14,Berlin
20170517,18.68,Berlin
20170518,20.07,Berlin
20170519,21.33,Berlin
20170520,15.46,Berlin
20170521,15.88,Berlin
20170522,16.21,Berlin
20170523,17.56,Berlin
20170524,13.47,Berlin
20170525,14.62,Berlin
20170526,17.36,Berlin
20170527,19.39,Berlin
20170528,22.22,Berlin
20170529,22.69,Berlin
20170530,22.64,Berlin
20170531,17.85,Berlin
20170601,15.25,Berlin
20170602,18.21,Berlin
20170603,19.43,Berlin
20170604,16.84,Berlin
20170605,15.87,Berlin
20170606,18.08,Berlin
20170607,14.36,Berlin
20170608,15.94,Berlin
20170609,20.03,Berlin
20170610,18.25,Berlin
20170611,22.6,Berlin
20170612,19.48,Berlin
20170613,16.73,Berlin
20170614,17.1,Berlin
20170615,21.07,Berlin
20170616,17.58,Berlin
20170617,17.23,Berlin
20170618,20.3,Berlin
20170619,24.53,Berlin
20170620,23.06,Berlin
20170621,18.65,Berlin
20170622,22.69,Berlin
20170623,20.42,Berlin
20170624,20.05,Berlin
20170625,19.05,Berlin
20170626,17.49,Berlin
20170627,18.12,Berlin
20170628,20.47,Berlin
20170629,19.74,Berlin
20170630,16.59,Berlin
20170701,16.33,Berlin
20170702,16.08,Berlin
20170703,16.22,Berlin
20170704,16.51,Berlin
20170705,16.29,Berlin
20170706,19.29,Berlin
20170707,20.24,Berlin
20170708,19.94,Berlin
20170709,18.67,Berlin
20170710,19.08,Berlin
20170711,18.24,Berlin
20170712,16.73,Berlin
20170713,15.29,Berlin
20170714,16.65,Berlin
20170715,17.21,Berlin
20170716,18.1,Berlin
20170717,18.57,Berlin
20170718,18.79,Berlin
20170719,21.93,Berlin
20170720,22.51,Berlin
20170721,21.6,Berlin
20170722,21.35,Berlin
20170723,19.32,Berlin
20170724,18.78,Berlin
20170725,16.74,Berlin
20170726,16.29,Berlin
20170727,18.21,Berlin
20170728,17.7,Berlin
20170729,19.5,Berlin
20170730,22.75,Berlin
20170731,22.44,Berlin
20170801,22.83,Berlin
20170802,21.35,Berlin
20170803,22.09,Berlin
20170804,19.94,Berlin
20170805,18.45,Berlin
20170806,16.98,Berlin
20170807,18.4,Berlin
20170808,19.53,Berlin
20170809,20.94,Berlin
20170810,19.41,Berlin
20170811,18.15,Berlin
20170812,16.22,Berlin
20170813,17.59,Berlin
20170814,18.49,Berlin
20170815,20.85,Berlin
20170816,20.1,Berlin
20170817,20.63,Berlin
20170818,20.66,Berlin
20170819,17.27,Berlin
20170820,15.53,Berlin
20170821,15.03,Berlin
20170822,13.97,Berlin
20170823,15.73,Berlin
20170824,16.59,Berlin
20170825,18.25,Berlin
20170826,18.13,Berlin
20170827,18.18,Berlin
20170828,17.63,Berlin
20170829,19.51,Berlin
20170830,22.31,Berlin
20170831,20.79,Berlin
20170901,15.04,Berlin
20170902,14.61,Berlin
20170903,13.88,Berlin
20170904,14.38,Berlin
20170905,16.19,Berlin
20170906,17.02,Berlin
20170907,14.32,Berlin
20170908,13.78,Berlin
20170909,15.02,Berlin
20170910,14.96,Berlin
20170911,14.54,Berlin
20170912,13.78,Berlin
20170913,14.12,Berlin
20170914,12.33,Berlin
20170915,13.21,Berlin
20170916,12.26,Berlin
20170917,13.0,Berlin
20170918,12.04,Berlin
20170919,11.49,Berlin
20170920,11.7,Berlin
20170921,12.74,Berlin
20170922,13.2,Berlin
20170923,12.65,Berlin
20170924,14.57,Berlin
20170925,13.05,Berlin
20170926,13.46,Berlin
20170927,14.95,Berlin
20170928,14.98,Berlin
20170929,15.37,Berlin
20170930,14.04,Berlin
20171001,11.93,Berlin
20171002,11.46,Berlin
20171003,12.8,Berlin
20171004,11.21,Berlin
20171005,10.59,Berlin
20171006,10.06,Berlin
20171007,9.98,Berlin
20171008,10.22,Berlin
20171009,8.31,Berlin
20171010,11.15,Berlin
20171011,13.91,Berlin
20171012,12.89,Berlin
20171013,11.27,Berlin
20171014,14.49,Berlin
20171015,14.72,Berlin
20171016,14.83,Berlin
20171017,15.24,Berlin
20171018,13.15,Berlin
20171019,12.05,Berlin
20171020,12.29,Berlin
20171021,11.14,Berlin
20171022,11.32,Berlin
20171023,9.09,Berlin
20171024,10.85,Berlin
20171025,13.66,Berlin
20171026,11.45,Berlin
20171027,9.75,Berlin
20171028,9.42,Berlin
20171029,8.17,Berlin
20171030,4.75,Berlin
20171031,5.46,Berlin
20171101,8.64,Berlin
20171102,9.52,Berlin
20171103,7.86,Berlin
20171104,7.17,Berlin
20171105,8.61,Berlin
20171106,5.1,Berlin
20171107,5.77,Berlin
20171108,5.96,Berlin
20171109,4.94,Berlin
20171110,6.12,Berlin
20171111,4.76,Berlin
20171112,3.15,Berlin
20171113,3.73,Berlin
20171114,3.3,Berlin
20171115,6.29,Berlin
20171116,5.45,Berlin
20171117,4.03,Berlin
20171118,2.8,Berlin
20171119,3.39,Berlin
20171120,3.22,Berlin
20171121,2.91,Berlin
20171122,6.93,Berlin
20171123,6.58,Berlin
20171124,8.3,Berlin
20171125,3.56,Berlin
20171126,2.78,Berlin
20171127,2.87,Berlin
20171128,4.21,Berlin
20171129,0.69,Berlin
20171130,0.25,Berlin
20171201,-0.05,Berlin
20171202,0.05,Berlin
20171203,-0.83,Berlin
20171204,1.63,Berlin
20171205,4.6,Berlin
20171206,5.65,Berlin
20171207,3.65,Berlin
20171208,2.98,Berlin
20171209,0.58,Berlin
20171210,-0.84,Berlin
20171211,2.0,Berlin
20171212,2.4,Berlin
20171213,0.5,Berlin
20171214,1.7,Berlin
20171215,-0.21,Berlin
20171216,0.16,Berlin
20171217,-0.21,Berlin
20171218,-1.83,Berlin
20171219,-0.49,Berlin
20171220,0.85,Berlin
20171221,3.82,Berlin
20171222,4.14,Berlin
20171223,5.73,Berlin
20171224,8.08,Berlin
20171225,6.64,Berlin
20171226,2.32,Berlin
20171227,1.43,Berlin
20171228,1.49,Berlin
20171229,0.19,Berlin
20171230,1.47,Berlin
20171231,7.38,Berlin
20180101,5.67,Berlin
20180102,2.54,Berlin
20180103,3.62,Berlin
20180104,5.41,Berlin
20180105,5.42,Berlin
20180106,4.5,Berlin
20180107,-0.25,Berlin
20180108,-3.05,Berlin
20180109,-0.1,Berlin
20180110,2.1,Berlin
20180111,0.97,Berlin
20180112,0.05,Berlin
20180113,-1.07,Berlin
20180114,-2.68,Berlin
20180115,-1.3,Berlin
20180116,1.44,Berlin
20180117,0.3,Berlin
20180118,1.08,Berlin
20180119,0.35,Berlin
20180120,-0.74,Berlin
20180121,-1.03,Berlin
20180122,-0.73,Berlin
20180123,0.23,Berlin
20180124,4.95,Berlin
20180125,6.75,Berlin
20180126,4.97,Berlin
20180127,3.69,Berlin
20180128,6.2,Berlin
20180129,8.64,Berlin
20180130,3.67,Berlin
20180131,3.67,Berlin
20180201,2.18,Berlin
20180202,1.01,Berlin
20180203,0.24,Berlin
20180204,-1.04,Berlin
20180205,-1.98,Berlin
20180206,-2.75,Berlin
20180207,-2.98,Berlin
20180208,-3.47,Berlin
20180209,-3.18,Berlin
20180210,-1.3,Berlin
20180211,0.02,Berlin
20180212,0.4,Berlin
20180213,-0.48,Berlin
20180214,-1.48,Berlin
20180215,-1.27,Berlin
20180216,1.31,Berlin
20180217,0.36,Berlin
20180218,0.41,Berlin
20180219,-0.15,Berlin
20180220,-0.71,Berlin
20180221,-1.01,Berlin
20180222,-1.27,Berlin
20180223,-4.44,Berlin
20180224,-4.25,Berlin
20180225,-6.42,Berlin
20180226,-6.63,Berlin
20180227,-8.3,Berlin
20180228,-9.76,Berlin
20180301,-9.91,Berlin
20180302,-9.51,Berlin
20180303,-8.45,Berlin
20180304,-4.72,Berlin
20180305,0.66,Berlin
20180306,0.26,Berlin
20180307,-0.07,Berlin
20180308,2.31,Berlin
20180309,3.16,Berlin
20180310,4.25,Berlin
20180311,8.48,Berlin
20180312,6.09,Berlin
20180313,7.07,Berlin
20180314,2.67,Berlin
20180315,1.89,Berlin
20180316,-0.93,Berlin
20180317,-3.45,Berlin
20180318,-4.0,Berlin
20180319,-3.03,Berlin
20180320,-2.03,Berlin
20180321,-0.07,Berlin
20180322,1.19,Berlin
20180323,1.7,Berlin
20180324,2.49,Berlin
20180325,4.07,Berlin
20180326,3.27,Berlin
20180327,2.62,Berlin
20180328,1.25,Berlin
20180329,3.83,Berlin
20180330,3.89,Berlin
20180331,2.14,Berlin
20180401,0.7,Berlin
20180402,3.4,Berlin
20180403,10.21,Berlin
20180404,13.16,Berlin
20180405,9.18,Berlin
20180406,5.69,Berlin
20180407,9.51,Berlin
20180408,11.96,Berlin
20180409,13.31,Berlin
20180410,14.82,Berlin
20180411,13.55,Berlin
20180412,14.61,Berlin
20180413,14.54,Berlin
20180414,11.98,Berlin
20180415,14.43,Berlin
20180416,11.53,Berlin
20180417,12.92,Berlin
20180418,15.1,Berlin
20180419,16.41,Berlin
20180420,17.78,Berlin
20180421,14.66,Berlin
20180422,15.14,Berlin
20180423,15.9,Berlin
20180424,11.1,Berlin
20180425,12.28,Berlin
20180426,8.84,Berlin
20180427,10.43,Berlin
20180428,13.75,Berlin
20180429,16.6,Berlin
20180430,15.9,Berlin
20180501,11.33,Berlin
20180502,10.82,Berlin
20180503,12.98,Berlin
20180504,11.08,Berlin
20180505,11.55,Berlin
20180506,13.78,Berlin
20180507,15.77,Berlin
20180508,16.93,Berlin
20180509,18.44,Berlin
20180510,18.27,Berlin
20180511,14.32,Berlin
20180512,16.27,Berlin
20180513,18.72,Berlin
20180514,17.18,Berlin
20180515,14.78,Berlin
20180516,15.66,Berlin
20180517,15.4,Berlin
20180518,12.87,Berlin
20180519,14.9,Berlin
20180520,14.43,Berlin
20180521,16.22,Berlin
20180522,17.29,Berlin
20180523,17.98,Berlin
20180524,18.92,Berlin
20180525,19.65,Berlin
20180526,19.53,Berlin
20180527,20.55,Berlin
20180528,23.9,Berlin
20180529,24.36,Berlin
20180530,24.56,Berlin
20180531,24.78,Berlin
20180601,23.93,Berlin
20180602,20.54,Berlin
20180603,20.4,Berlin
20180604,21.14,Berlin
20180605,19.41,Berlin
20180606,17.75,Berlin
20180607,20.01,Berlin
20180608,23.32,Berlin
20180609,25.03,Berlin
20180610,22.05,Berlin
20180611,20.08,Berlin
20180612,17.79,Berlin
20180613,16.27,Berlin
20180614,17.2,Berlin
20180615,18.81,Berlin
20180616,22.01,Berlin
20180617,21.86,Berlin
20180618,20.11,Berlin
20180619,21.35,Berlin
20180620,22.81,Berlin
20180621,18.48,Berlin
20180622,13.68,Berlin
20180623,14.4,Berlin
20180624,14.1,Berlin
20180625,17.08,Berlin
20180626,18.46,Berlin
20180627,19.58,Berlin
20180628,21.53,Berlin
20180629,21.76,Berlin
20180630,17.42,Berlin
20180701,16.64,Berlin
20180702,17.95,Berlin
20180703,20.89,Berlin
20180704,23.72,Berlin
20180705,24.01,Berlin
20180706,19.94,Berlin
20180707,19.02,Berlin
20180708,20.0,Berlin
20180709,19.71,Berlin
20180710,17.75,Berlin
20180711,18.02,Berlin
20180712,17.56,Berlin
20180713,20.47,Berlin
20180714,19.69,Berlin
20180715,19.57,Berlin
20180716,22.1,Berlin
20180717,22.25,Berlin
20180718,22.06,Berlin
20180719,21.49,Berlin
20180720,21.34,Berlin
20180721,22.29,Berlin
20180722,22.44,Berlin
20180723,22.76,Berlin
20180724,25.12,Berlin
20180725,26.44,Berlin
20180726,26.22,Berlin
20180727,25.9,Berlin
20180728,26.27,Berlin
20180729,24.1,Berlin
20180730,27.57,Berlin
20180731,29.47,Berlin
20180801,28.23,Berlin
20180802,25.45,Berlin
20180803,26.61,Berlin
20180804,27.45,Berlin
20180805,22.5,Berlin
20180806,22.97,Berlin
20180807,27.22,Berlin
20180808,28.95,Berlin
20180809,27.65,Berlin
20180810,21.36,Berlin
20180811,19.05,Berlin
20180812,20.18,Berlin
20180813,22.3,Berlin
20180814,21.12,Berlin
20180815,20.9,Berlin
20180816,23.59,Berlin
20180817,24.58,Berlin
20180818,22.11,Berlin
20180819,23.45,Berlin
20180820,22.04,Berlin
20180821,19.87,Berlin
20180822,21.7,Berlin
20180823,26.13,Berlin
20180824,20.86,Berlin
20180825,16.77,Berlin
20180826,15.7,Berlin
20180827,17.59,Berlin
20180828,18.02,Berlin
20180829,20.63,Berlin
20180830,17.76,Berlin
20180831,16.17,Berlin
20180901,17.44,Berlin
20180902,19.22,Berlin
20180903,22.72,Berlin
20180904,20.62,Berlin
20180905,20.19,Berlin
20180906,20.69,Berlin
20180907,19.42,Berlin
20180908,16.97,Berlin
20180909,19.6,Berlin
20180910,19.63,Berlin
20180911,20.41,Berlin
20180912,20.43,Berlin
20180913,14.67,Berlin
20180914,15.85,Berlin
20180915,15.72,Berlin
20180916,16.34,Berlin
20180917,19.57,Berlin
20180918,21.61,Berlin
20180919,22.1,Berlin
20180920,22.3,Berlin
20180921,20.17,Berlin
20180922,14.09,Berlin
20180923,10.8,Berlin
20180924,9.56,Berlin
20180925,8.87,Berlin
20180926,11.46,Berlin
20180927,16.78,Berlin
20180928,12.43,Berlin
20180929,9.73,Berlin
20180930,10.97,Berlin
20181001,9.42,Berlin
20181002,8.17,Berlin
20181003,10.42,Berlin
20181004,10.35,Berlin
20181005,12.98,Berlin
20181006,14.9,Berlin
20181007,11.45,Berlin
20181008,9.63,Berlin
20181009,12.27,Berlin
20181010,14.88,Berlin
20181011,15.95,Berlin
20181012,16.38,Berlin
20181013,16.82,Berlin
20181014,15.72,Berlin
20181015,14.99,Berlin
20181016,15.09,Berlin
20181017,14.91,Berlin
20181018,12.94,Berlin
20181019,9.5,Berlin
20181020,8.86,Berlin
20181021,9.53,Berlin
20181022,7.75,Berlin
20181023,8.53,Berlin
20181024,8.94,Berlin
20181025,10.7,Berlin
20181026,9.74,Berlin
20181027,6.92,Berlin
20181028,5.36,Berlin
20181029,3.93,Berlin
20181030,11.34,Berlin
20181031,8.03,Berlin
20181101,7.79,Berlin
20181102,8.05,Berlin
20181103,6.23,Berlin
20181104,8.5,Berlin
20181105,9.98,Berlin
20181106,10.04,Berlin
20181107,9.63,Berlin
20181108,8.81,Berlin
20181109,8.82,Berlin
20181110,8.08,Berlin
20181111,8.8,Berlin
20181112,10.52,Berlin
20181113,9.44,Berlin
20181114,6.73,Berlin
20181115,5.95,Berlin
20181116,4.11,Berlin
20181117,0.73,Berlin
20181118,0.89,Berlin
20181119,3.36,Berlin
20181120,1.5,Berlin
20181121,0.46,Berlin
20181122,0.1,Berlin
20181123,0.6,Berlin
20181124,0.27,Berlin
20181125,2.33,Berlin
20181126,1.14,Berlin
20181127,-1.32,Berlin
20181128,-1.32,Berlin
20181129,-0.74,Berlin
20181130,-0.15,Berlin
20181201,1.57,Berlin
20181202,3.81,Berlin
20181203,9.01,Berlin
20181204,5.17,Berlin
20181205,0.94,Berlin
20181206,3.48,Berlin
20181207,8.84,Berlin
20181208,5.97,Berlin
20181209,6.28,Berlin
20181210,3.83,Berlin
20181211,3.15,Berlin
20181212,2.09,Berlin
20181213,0.11,Berlin
20181214,-1.8,Berlin
20181215,-1.37,Berlin
20181216,-1.81,Berlin
20181217,-0.49,Berlin
20181218,1.31,Berlin
20181219,0.06,Berlin
20181220,1.31,Berlin
20181221,4.35,Berlin
20181222,5.29,Berlin
20181223,5.11,Berlin
20181224,0.97,Berlin
20181225,3.57,Berlin
20181226,4.41,Berlin
20181227,4.03,Berlin
20181228,4.74,Berlin
20181229,4.21,Berlin
20181230,5.58,Berlin
20181231,4.68,Berlin
20190101,5.68,Berlin
20190102,0.88,Berlin
20190103,-1.8,Berlin
20190104,0.57,Berlin
20190105,4.48,Berlin
20190106,0.37,Berlin
20190107,2.28,Berlin
20190108,4.06,Berlin
20190109,1.27,Berlin
20190110,-0.49,Berlin
20190111,1.07,Berlin
20190112,3.42,Berlin
20190113,5.59,Berlin
20190114,1.28,Berlin
20190115,2.44,Berlin
20190116,4.77,Berlin
20190117,2.98,Berlin
20190118,-1.0,Berlin
20190119,-1.54,Berlin
20190120,-3.03,Berlin
20190121,-3.52,Berlin
20190122,-4.84,Berlin
20190123,-6.72,Berlin
20190124,-5.49,Berlin
20190125,-4.49,Berlin
20190126,-0.13,Berlin
20190127,1.64,Berlin
20190128,0.9,Berlin
20190129,-0.69,Berlin
20190130,-1.27,Berlin
20190131,-1.17,Berlin
20190201,-1.46,Berlin
20190202,-0.25,Berlin
20190203,-0.48,Berlin
20190204,-0.82,Berlin
20190205,0.34,Berlin
20190206,0.55,Berlin
20190207,-0.15,Berlin
20190208,2.31,Berlin
20190209,4.34,Berlin
20190210,4.58,Berlin
20190211,3.16,Berlin
20190212,1.42,Berlin
20190213,4.18,Berlin
20190214,4.65,Berlin
20190215,2.94,Berlin
20190216,4.03,Berlin
20190217,4.81,Berlin
20190218,4.9,Berlin
20190219,4.98,Berlin
20190220,5.46,Berlin
20190221,6.85,Berlin
20190222,1.83,Berlin
20190223,-1.28,Berlin
20190224,2.03,Berlin
20190225,4.22,Berlin
20190226,5.03,Berlin
20190227,6.44,Berlin
20190228,5.27,Berlin
20190301,3.59,Berlin
20190302,3.07,Berlin
20190303,7.31,Berlin
20190304,8.48,Berlin
20190305,5.51,Berlin
20190306,5.73,Berlin
20190307,9.07,Berlin
20190308,5.96,Berlin
20190309,6.48,Berlin
20190310,3.98,Berlin
20190311,2.69,Berlin
20190312,4.07,Berlin
20190313,6.15,Berlin
20190314,5.31,Berlin
20190315,7.0,Berlin
20190316,6.31,Berlin
20190317,7.24,Berlin
20190318,4.41,Berlin
20190319,3.61,Berlin
20190320,5.62,Berlin
20190321,8.44,Berlin
20190322,8.39,Berlin
20190323,9.56,Berlin
20190324,5.99,Berlin
20190325,3.15,Berlin
20190326,4.11,Berlin
20190327,6.48,Berlin
20190328,8.2,Berlin
20190329,9.52,Berlin
20190330,10.05,Berlin
20190331,6.75,Berlin
20190401,4.16,Berlin
20190402,7.05,Berlin
20190403,11.65,Berlin
20190404,12.58,Berlin
20190405,10.99,Berlin
20190406,12.67,Berlin
20190407,11.67,Berlin
20190408,10.77,Berlin
20190409,6.44,Berlin
20190410,4.71,Berlin
20190411,3.15,Berlin
20190412,2.94,Berlin
20190413,3.91,Berlin
20190414,5.32,Berlin
20190415,6.57,Berlin
20190416,7.56,Berlin
20190417,9.44,Berlin
20190418,12.02,Berlin
20190419,13.15,Berlin
20190420,11.9,Berlin
20190421,12.71,Berlin
20190422,11.68,Berlin
20190423,13.49,Berlin
20190424,15.63,Berlin
20190425,16.83,Berlin
20190426,16.75,Berlin
20190427,12.91,Berlin
20190428,10.17,Berlin
20190429,10.7,Berlin
20190430,10.76,Berlin
20190501,12.78,Berlin
20190502,10.12,Berlin
20190503,8.19,Berlin
20190504,6.49,Berlin
20190505,7.1,Berlin
20190506,7.65,Berlin
20190507,8.61,Berlin
20190508,10.99,Berlin
20190509,13.17,Berlin
20190510,11.95,Berlin
20190511,9.94,Berlin
20190512,10.83,Berlin
20190513,9.81,Berlin
20190514,8.68,Berlin
20190515,8.72,Berlin
20190516,9.28,Berlin
20190517,13.54,Berlin
20190518,16.93,Berlin
20190519,18.75,Berlin
20190520,18.19,Berlin
20190521,17.8,Berlin
20190522,13.22,Berlin
20190523,13.56,Berlin
20190524,17.1,Berlin
20190525,13.97,Berlin
20190526,16.0,Berlin
20190527,17.47,Berlin
20190528,14.8,Berlin
20190529,12.9,Berlin
20190530,15.64,Berlin
20190531,18.37,Berlin
20190601,21.21,Berlin
20190602,23.5,Berlin
20190603,25.73,Berlin
20190604,24.28,Berlin
20190605,26.77,Berlin
20190606,22.5,Berlin
20190607,20.47,Berlin
20190608,18.85,Berlin
20190609,19.89,Berlin
20190610,22.01,Berlin
20190611,24.23,Berlin
20190612,24.4,Berlin
20190613,21.1,Berlin
20190614,24.06,Berlin
20190615,25.05,Berlin
20190616,19.81,Berlin
20190617,22.16,Berlin
20190618,24.52,Berlin
20190619,25.38,Berlin
20190620,23.0,Berlin
20190621,20.84,Berlin
20190622,20.83,Berlin
20190623,21.95,Berlin
20190624,23.37,Berlin
20190625,27.48,Berlin
20190626,29.23,Berlin
20190627,20.52,Berlin
20190628,19.51,Berlin
20190629,24.46,Berlin
20190630,28.4,Berlin
20190701,23.23,Berlin
20190702,18.59,Berlin
20190703,16.84,Berlin
20190704,17.78,Berlin
20190705,18.76,Berlin
20190706,19.31,Berlin
20190707,15.61,Berlin
20190708,15.03,Berlin
20190709,15.64,Berlin
20190710,16.9,Berlin
20190711,19.53,Berlin
20190712,18.03,Berlin
20190713,20.49,Berlin
20190714,18.48,Berlin
20190715,17.69,Berlin
20190716,17.62,Berlin
20190717,19.11,Berlin
20190718,22.09,Berlin
20190719,22.71,Berlin
20190720,23.13,Berlin
20190721,21.89,Berlin
20190722,21.24,Berlin
20190723,24.56,Berlin
20190724,26.38,Berlin
20190725,27.44,Berlin
20190726,25.6,Berlin
20190727,24.25,Berlin
20190728,24.73,Berlin
20190729,24.86,Berlin
20190730,23.92,Berlin
20190731,21.6,Berlin
20190801,20.26,Berlin
20190802,19.86,Berlin
20190803,20.72,Berlin
20190804,20.63,Berlin
20190805,21.13,Berlin
20190806,22.57,Berlin
20190807,20.77,Berlin
20190808,20.89,Berlin
20190809,22.56,Berlin
20190810,23.42,Berlin
20190811,23.59,Berlin
20190812,21.08,Berlin
20190813,18.74,Berlin
20190814,17.39,Berlin
20190815,18.12,Berlin
20190816,19.15,Berlin
20190817,20.74,Berlin
20190818,21.22,Berlin
20190819,19.77,Berlin
20190820,20.13,Berlin
20190821,18.96,Berlin
20190822,20.83,Berlin
20190823,21.77,Berlin
20190824,23.14,Berlin
20190825,24.91,Berlin
20190826,25.15,Berlin
20190827,25.88,Berlin
20190828,25.87,Berlin
20190829,24.51,Berlin
20190830,24.59,Berlin
20190831,27.0,Berlin
20190901,23.78,Berlin
20190902,17.77,Berlin
20190903,16.91,Berlin
20190904,19.44,Berlin
20190905,17.71,Berlin
20190906,14.79,Berlin
20190907,15.08,Berlin
20190908,15.62,Berlin
20190909,13.95,Berlin
20190910,14.81,Berlin
20190911,15.9,Berlin
20190912,17.28,Berlin
20190913,16.68,Berlin
20190914,14.42,Berlin
20190915,16.43,Berlin
20190916,14.14,Berlin
20190917,11.42,Berlin
20190918,11.42,Berlin
20190919,10.85,Berlin
20190920,11.68,Berlin
20190921,14.43,Berlin
20190922,15.72,Berlin
20190923,16.26,Berlin
20190924,16.24,Berlin
20190925,14.5,Berlin
20190926,15.14,Berlin
20190927,14.95,Berlin
20190928,14.56,Berlin
20190929,14.94,Berlin
20190930,14.46,Berlin
20191001,13.18,Berlin
20191002,10.35,Berlin
20191003,9.6,Berlin
20191004,8.93,Berlin
20191005,8.68,Berlin
20191006,6.97,Berlin
20191007,6.67,Berlin
20191008,9.85,Berlin
20191009,11.83,Berlin
20191010,11.0,Berlin
20191011,11.81,Berlin
20191012,15.06,Berlin
20191013,17.84,Berlin
20191014,17.19,Berlin
20191015,15.14,Berlin
20191016,11.5,Berlin
20191017,14.0,Berlin
20191018,14.18,Berlin
20191019,11.64,Berlin
20191020,14.0,Berlin
20191021,13.14,Berlin
20191022,11.72,Berlin
20191023,11.91,Berlin
20191024,11.91,Berlin
20191025,12.88,Berlin
20191026,13.31,Berlin
20191027,10.73,Berlin
20191028,7.16,Berlin
20191029,5.29,Berlin
20191030,3.38,Berlin
20191031,1.69,Berlin
20191101,2.29,Berlin
20191102,10.04,Berlin
20191103,10.78,Berlin
20191104,8.75,Berlin
20191105,7.69,Berlin
20191106,7.36,Berlin
20191107,6.75,Berlin
20191108,6.21,Berlin
20191109,5.34,Berlin
20191110,3.43,Berlin
20191111,1.5,Berlin
20191112,3.4,Berlin
20191113,3.32,Berlin
20191114,3.19,Berlin
20191115,4.89,Berlin
20191116,4.96,Berlin
20191117,4.55,Berlin
20191118,6.48,Berlin
20191119,4.72,Berlin
20191120,4.26,Berlin
20191121,6.58,Berlin
20191122,6.15,Berlin
20191123,6.12,Berlin
20191124,4.95,Berlin
20191125,4.35,Berlin
20191126,5.42,Berlin
20191127,5.21,Berlin
20191128,7.92,Berlin
20191129,3.97,Berlin
20191130,0.94,Berlin
20191201,2.51,Berlin
20191202,1.9,Berlin
20191203,2.18,Berlin
20191204,2.46,Berlin
20191205,-0.55,Berlin
20191206,0.35,Berlin
20191207,6.39,Berlin
20191208,6.77,Berlin
20191209,5.67,Berlin
20191210,1.58,Berlin
20191211,0.68,Berlin
20191212,1.23,Berlin
20191213,-0.72,Berlin
20191214,1.67,Berlin
20191215,3.93,Berlin
20191216,4.07,Berlin
20191217,5.98,Berlin
20191218,5.73,Berlin
20191219,4.64,Berlin
20191220,5.34,Berlin
20191221,4.74,Berlin
20191222,2.25,Berlin
20191223,4.64,Berlin
20191224,4.77,Berlin
20191225,3.65,Berlin
20191226,3.35,Berlin
20191227,1.7,Berlin
20191228,-1.17,Berlin
20191229,-1.21,Berlin
20191230,1.01,Berlin
20191231,2.73,Berlin
20200101,0.51,Berlin
20200102,-1.05,Berlin
20200103,2.77,Berlin
20200104,2.59,Berlin
20200105,0.44,Berlin
20200106,1.88,Berlin
20200107,0.5,Berlin
20200108,4.36,Berlin
20200109,6.79,Berlin
20200110,7.63,Berlin
20200111,2.71,Berlin
20200112,2.1,Berlin
20200113,4.68,Berlin
20200114,4.5,Berlin
20200115,6.91,Berlin
20200116,4.89,Berlin
20200117,3.77,Berlin
20200118,4.15,Berlin
20200119,1.9,Berlin
20200120,1.15,Berlin
20200121,1.02,Berlin
20200122,2.26,Berlin
20200123,1.55,Berlin
20200124,-0.82,Berlin
20200125,-0.36,Berlin
20200126,-0.34,Berlin
20200127,3.06,Berlin
20200128,4.29,Berlin
20200129,3.5,Berlin
20200130,4.08,Berlin
20200131,8.56,Berlin
20200201,9.35,Berlin
20200202,5.98,Berlin
20200203,6.36,Berlin
20200204,4.11,Berlin
20200205,1.96,Berlin
20200206,2.55,Berlin
20200207,4.33,Berlin
20200208,2.52,Berlin
20200209,6.83,Berlin
20200210,7.37,Berlin
20200211,3.5,Berlin
20200212,3.05,Berlin
20200213,2.53,Berlin
20200214,3.1,Berlin
20200215,4.46,Berlin
20200216,9.25,Berlin
20200217,8.09,Berlin
20200218,5.85,Berlin
20200219,4.36,Berlin
20200220,3.18,Berlin
20200221,5.01,Berlin
20200222,6.9,Berlin
20200223,6.44,Berlin
20200224,4.2,Berlin
20200225,7.2,Berlin
20200226,3.07,Berlin
20200227,3.09,Berlin
20200228,2.52,Berlin
20200229,5.07,Berlin
20200301,5.47,Berlin
20200302,5.41,Berlin
20200303,3.62,Berlin
20200304,3.01,Berlin
20200305,4.3,Berlin
20200306,4.79,Berlin
20200307,3.69,Berlin
20200308,4.79,Berlin
20200309,6.58,Berlin
20200310,5.37,Berlin
20200311,9.1,Berlin
20200312,8.75,Berlin
20200313,4.92,Berlin
20200314,1.87,Berlin
20200315,3.89,Berlin
20200316,7.01,Berlin
20200317,7.98,Berlin
20200318,9.28,Berlin
20200319,9.58,Berlin
20200320,6.46,Berlin
20200321,2.88,Berlin
20200322,0.22,Berlin
20200323,-0.39,Berlin
20200324,0.5,Berlin
20200325,1.36,Berlin
20200326,2.85,Berlin
20200327,6.8,Berlin
20200328,6.36,Berlin
20200329,1.85,Berlin
20200330,-0.87,Berlin
20200331,0.57,Berlin
20200401,2.52,Berlin
20200402,5.36,Berlin
20200403,5.34,Berlin
20200404,5.92,Berlin
20200405,7.48,Berlin
20200406,10.38,Berlin
20200407,11.24,Berlin
20200408,12.26,Berlin
20200409,10.84,Berlin
20200410,8.05,Berlin
20200411,8.08,Berlin
20200412,12.02,Berlin
20200413,6.84,Berlin
20200414,5.04,Berlin
20200415,7.34,Berlin
20200416,10.07,Berlin
20200417,9.86,Berlin
20200418,8.56,Berlin
20200419,6.98,Berlin
20200420,8.07,Berlin
20200421,9.36,Berlin
20200422,10.66,Berlin
20200423,13.27,Berlin
20200424,13.19,Berlin
20200425,10.06,Berlin
20200426,11.2,Berlin
20200427,14.09,Berlin
20200428,15.28,Berlin
20200429,12.68,Berlin
20200430,12.59,Berlin
20200501,11.76,Berlin
20200502,9.68,Berlin
20200503,10.47,Berlin
20200504,9.37,Berlin
20200505,6.92,Berlin
20200506,9.76,Berlin
20200507,10.38,Berlin
20200508,14.06,Berlin
20200509,16.21,Berlin
20200510,16.72,Berlin
20200511,7.11,Berlin
20200512,6.74,Berlin
20200513,9.4,Berlin
20200514,9.0,Berlin
20200515,9.77,Berlin
20200516,11.08,Berlin
20200517,12.85,Berlin
20200518,14.83,Berlin
20200519,14.31,Berlin
20200520,14.34,Berlin
20200521,14.61,Berlin
20200522,16.14,Berlin
20200523,15.29,Berlin
20200524,12.17,Berlin
20200525,11.53,Berlin
20200526,14.18,Berlin
20200527,15.91,Berlin
20200528,14.24,Berlin
20200529,14.31,Berlin
20200530,13.2,Berlin
20200531,15.36,Berlin
20200601,16.57,Berlin
20200602,18.99,Berlin
20200603,18.63,Berlin
20200604,17.93,Berlin
20200605,14.79,Berlin
20200606,13.44,Berlin
20200607,14.83,Berlin
20200608,16.21,Berlin
20200609,17.64,Berlin
20200610,16.9,Berlin
20200611,17.82,Berlin
20200612,21.24,Berlin
20200613,22.15,Berlin
20200614,21.33,Berlin
20200615,19.9,Berlin
20200616,21.11,Berlin
20200617,23.16,Berlin
20200618,21.54,Berlin
20200619,18.02,Berlin
20200620,17.22,Berlin
20200621,18.25,Berlin
20200622,19.82,Berlin
20200623,18.76,Berlin
20200624,20.19,Berlin
20200625,22.71,Berlin
20200626,22.74,Berlin
20200627,24.59,Berlin
20200628,22.01,Berlin
20200629,19.6,Berlin
20200630,18.69,Berlin
20200701,20.68,Berlin
20200702,20.47,Berlin
20200703,19.55,Berlin
20200704,21.26,Berlin
20200705,23.31,Berlin
20200706,17.94,Berlin
20200707,16.54,Berlin
20200708,15.49,Berlin
20200709,17.21,Berlin
20200710,18.39,Berlin
20200711,15.85,Berlin
20200712,16.4,Berlin
20200713,19.1,Berlin
20200714,22.31,Berlin
20200715,16.34,Berlin
20200716,16.42,Berlin
20200717,17.55,Berlin
20200718,21.72,Berlin
20200719,24.4,Berlin
20200720,20.53,Berlin
20200721,17.79,Berlin
20200722,17.59,Berlin
20200723,19.03,Berlin
20200724,21.02,Berlin
20200725,20.47,Berlin
20200726,19.39,Berlin
20200727,21.11,Berlin
20200728,22.17,Berlin
20200729,18.93,Berlin
20200730,17.9,Berlin
20200731,20.2,Berlin
20200801,22.71,Berlin
20200802,20.81,Berlin
20200803,18.55,Berlin
20200804,18.43,Berlin
20200805,21.3,Berlin
20200806,23.29,Berlin
20200807,26.57,Berlin
20200808,29.25,Berlin
20200809,28.58,Berlin
20200810,25.43,Berlin
20200811,26.1,Berlin
20200812,25.14,Berlin
20200813,24.15,Berlin
20200814,22.3,Berlin
20200815,24.32,Berlin
20200816,24.88,Berlin
20200817,25.15,Berlin
20200818,20.29,Berlin
20200819,21.32,Berlin
20200820,24.98,Berlin
20200821,28.23,Berlin
20200822,23.02,Berlin
20200823,20.9,Berlin
20200824,18.1,Berlin
20200825,18.35,Berlin
20200826,18.15,Berlin
20200827,16.84,Berlin
20200828,17.22,Berlin
20200829,18.16,Berlin
20200830,17.87,Berlin
20200831,17.43,Berlin
20200901,14.81,Berlin
20200902,14.01,Berlin
20200903,16.26,Berlin
20200904,18.39,Berlin
20200905,15.53,Berlin
20200906,14.34,Berlin
20200907,14.38,Berlin
20200908,16.49,Berlin
20200909,19.53,Berlin
20200910,15.87,Berlin
20200911,16.92,Berlin
20200912,17.76,Berlin
20200913,18.06,Berlin
20200914,21.53,Berlin
20200915,22.82,Berlin
20200916,21.8,Berlin
20200917,14.89,Berlin
20200918,13.03,Berlin
20200919,14.08,Berlin
20200920,15.26,Berlin
20200921,16.24,Berlin
20200922,18.57,Berlin
20200923,19.47,Berlin
20200924,17.37,Berlin
20200925,13.36,Berlin
20200926,9.81,Berlin
20200927,9.31,Berlin
20200928,12.22,Berlin
20200929,13.73,Berlin
20200930,13.94,Berlin
20201001,13.02,Berlin
20201002,14.09,Berlin
20201003,16.14,Berlin
20201004,13.04,Berlin
20201005,10.85,Berlin
20201006,11.96,Berlin
20201007,12.02,Berlin
20201008,11.51,Berlin
20201009,12.75,Berlin
20201010,9.68,Berlin
20201011,7.45,Berlin
20201012,7.56,Berlin
20201013,8.12,Berlin
20201014,9.51,Berlin
20201015,9.86,Berlin
20201016,8.39,Berlin
20201017,8.05,Berlin
20201018,6.82,Berlin
20201019,7.51,Berlin
20201020,7.53,Berlin
20201021,10.95,Berlin
20201022,14.68,Berlin
20201023,13.0,Berlin
20201024,11.94,Berlin
20201025,11.51,Berlin
20201026,10.34,Berlin
20201027,8.5,Berlin
20201028,9.16,Berlin
20201029,9.0,Berlin
20201030,10.81,Berlin
20201031,13.04,Berlin
20201101,11.27,Berlin
20201102,15.74,Berlin
20201103,10.59,Berlin
20201104,6.69,Berlin
20201105,5.98,Berlin
20201106,8.56,Berlin
20201107,5.69,Berlin
20201108,4.95,Berlin
20201109,3.69,Berlin
20201110,3.68,Berlin
20201111,3.95,Berlin
20201112,6.84,Berlin
20201113,6.82,Berlin
20201114,9.18,Berlin
20201115,8.36,Berlin
20201116,8.29,Berlin
20201117,8.61,Berlin
20201118,8.84,Berlin
20201119,7.16,Berlin
20201120,2.19,Berlin
20201121,3.37,Berlin
20201122,6.2,Berlin
20201123,4.95,Berlin
20201124,2.66,Berlin
20201125,0.72,Berlin
20201126,3.42,Berlin
20201127,3.81,Berlin
20201128,1.79,Berlin
20201129,0.99,Berlin
20201130,-0.4,Berlin
20201201,0.45,Berlin
20201202,-2.03,Berlin
20201203,-1.76,Berlin
20201204,-0.92,Berlin
20201205,1.51,Berlin
20201206,3.21,Berlin
20201207,3.12,Berlin
20201208,1.79,Berlin
20201209,1.05,Berlin
20201210,-1.43,Berlin
20201211,-0.95,Berlin
20201212,-0.73,Berlin
20201213,0.6,Berlin
20201214,2.4,Berlin
20201215,2.49,Berlin
20201216,4.98,Berlin
20201217,3.27,Berlin
20201218,3.43,Berlin
20201219,2.96,Berlin
20201220,1.9,Berlin
20201221,3.6,Berlin
20201222,7.87,Berlin
20201223,5.62,Berlin
20201224,5.6,Berlin
20201225,1.13,Berlin
20201226,-0.6,Berlin
20201227,-0.59,Berlin
20201228,0.22,Berlin
20201229,-0.05,Berlin
20201230,-0.42,Berlin
20201231,-0.18,Berlin
20210101,-1.02,Berlin
20210102,-0.84,Berlin
20210103,-0.92,Berlin
20210104,-0.7,Berlin
20210105,-0.6,Berlin
20210106,-0.31,Berlin
20210107,-1.14,Berlin
20210108,-1.8,Berlin
20210109,-1.29,Berlin
20210110,-2.65,Berlin
20210111,-1.4,Berlin
20210112,0.16,Berlin
20210113,-0.28,Berlin
20210114,-0.75,Berlin
20210115,-3.81,Berlin
20210116,-4.74,Berlin
20210117,-5.4,Berlin
20210118,-3.42,Berlin
20210119,0.96,Berlin
20210120,1.61,Berlin
20210121,2.66,Berlin
20210122,2.51,Berlin
20210123,-0.31,Berlin
20210124,-0.91,Berlin
20210125,-1.21,Berlin
20210126,-0.82,Berlin
20210127,-0.88,Berlin
20210128,-0.49,Berlin
20210129,-2.4,Berlin
20210130,-2.18,Berlin
20210131,-5.7,Berlin
20210201,-5.54,Berlin
20210202,-0.38,Berlin
20210203,1.36,Berlin
20210204,-0.6,Berlin
20210205,-1.55,Berlin
20210206,-3.5,Berlin
20210207,-7.65,Berlin
20210208,-10.58,Berlin
20210209,-9.64,Berlin
20210210,-8.62,Berlin
20210211,-5.85,Berlin
20210212,-6.55,Berlin
20210213,-7.75,Berlin
20210214,-8.32,Berlin
20210215,-5.87,Berlin
20210216,-0.4,Berlin
20210217,1.87,Berlin
20210218,2.63,Berlin
20210219,3.36,Berlin
20210220,3.96,Berlin
20210221,5.75,Berlin
20210222,4.0,Berlin
20210223,6.66,Berlin
20210224,8.78,Berlin
20210225,8.13,Berlin
20210226,5.25,Berlin
20210227,3.21,Berlin
20210228,1.9,Berlin
20210301,3.75,Berlin
20210302,4.17,Berlin
20210303,5.07,Berlin
20210304,3.27,Berlin
20210305,0.26,Berlin
20210306,-0.15,Berlin
20210307,1.3,Berlin
20210308,0.22,Berlin
20210309,0.66,Berlin
20210310,1.42,Berlin
20210311,5.36,Berlin
20210312,5.84,Berlin
20210313,5.88,Berlin
20210314,4.64,Berlin
20210315,3.97,Berlin
20210316,3.65,Berlin
20210317,1.51,Berlin
20210318,1.58,Berlin
20210319,-0.18,Berlin
20210320,0.06,Berlin
20210321,4.25,Berlin
20210322,3.23,Berlin
20210323,4.89,Berlin
20210324,6.18,Berlin
20210325,8.13,Berlin
20210326,9.38,Berlin
20210327,6.12,Berlin
20210328,6.09,Berlin
20210329,11.2,Berlin
20210330,12.88,Berlin
20210331,14.24,Berlin
20210401,10.77,Berlin
20210402,5.65,Berlin
20210403,4.5,Berlin
20210404,4.71,Berlin
20210405,3.2,Berlin
20210406,1.44,Berlin
20210407,2.6,Berlin
20210408,3.32,Berlin
20210409,5.26,Berlin
20210410,6.17,Berlin
20210411,10.49,Berlin
20210412,4.5,Berlin
20210413,3.52,Berlin
20210414,3.38,Berlin
20210415,3.47,Berlin
20210416,4.98,Berlin
20210417,6.66,Berlin
20210418,7.07,Berlin
20210419,9.53,Berlin
20210420,9.64,Berlin
20210421,8.79,Berlin
20210422,6.37,Berlin
20210423,7.35,Berlin
20210424,6.37,Berlin
20210425,5.07,Berlin
20210426,4.08,Berlin
20210427,5.41,Berlin
20210428,8.64,Berlin
20210429,10.15,Berlin
20210430,7.86,Berlin
20210501,9.04,Berlin
20210502,7.91,Berlin
20210503,7.01,Berlin
20210504,9.45,Berlin
20210505,8.13,Berlin
20210506,7.02,Berlin
20210507,5.67,Berlin
20210508,8.14,Berlin
20210509,16.0,Berlin
20210510,19.33,Berlin
20210511,18.9,Berlin
20210512,13.85,Berlin
20210513,11.73,Berlin
20210514,10.36,Berlin
20210515,12.28,Berlin
20210516,12.16,Berlin
20210517,12.17,Berlin
20210518,11.48,Berlin
20210519,11.71,Berlin
20210520,11.9,Berlin
20210521,13.77,Berlin
20210522,12.31,Berlin
20210523,11.65,Berlin
20210524,14.6,Berlin
20210525,12.29,Berlin
20210526,11.7,Berlin
20210527,11.28,Berlin
20210528,11.85,Berlin
20210529,12.02,Berlin
20210530,12.85,Berlin
20210531,14.14,Berlin
20210601,16.32,Berlin
20210602,16.76,Berlin
20210603,19.42,Berlin
20210604,20.18,Berlin
20210605,21.09,Berlin
20210606,21.2,Berlin
20210607,20.35,Berlin
20210608,20.37,Berlin
20210609,20.92,Berlin
20210610,21.86,Berlin
20210611,22.28,Berlin
20210612,18.79,Berlin
20210613,15.73,Berlin
20210614,19.84,Berlin
20210615,20.24,Berlin
20210616,21.4,Berlin
20210617,26.44,Berlin
20210618,27.53,Berlin
20210619,27.41,Berlin
20210620,27.64,Berlin
20210621,25.16,Berlin
20210622,19.85,Berlin
20210623,18.76,Berlin
20210624,18.87,Berlin
20210625,19.63,Berlin
20210626,21.42,Berlin
20210627,22.5,Berlin
20210628,25.74,Berlin
20210629,23.28,Berlin
20210630,18.59,Berlin
20210701,16.82,Berlin
20210702,19.47,Berlin
20210703,19.79,Berlin
20210704,22.07,Berlin
20210705,20.51,Berlin
20210706,23.17,Berlin
20210707,20.13,Berlin
20210708,19.46,Berlin
20210709,19.29,Berlin
20210710,19.87,Berlin
20210711,22.49,Berlin
20210712,21.83,Berlin
20210713,24.15,Berlin
20210714,22.33,Berlin
20210715,22.86,Berlin
20210716,24.04,Berlin
20210717,23.71,Berlin
20210718,22.04,Berlin
20210719,18.01,Berlin
20210720,17.76,Berlin
20210721,19.31,Berlin
20210722,20.04,Berlin
20210723,20.62,Berlin
20210724,23.56,Berlin
20210725,23.73,Berlin
20210726,23.23,Berlin
20210727,22.85,Berlin
20210728,21.39,Berlin
20210729,19.81,Berlin
20210730,20.32,Berlin
20210731,20.5,Berlin
20210801,18.07,Berlin
20210802,17.57,Berlin
20210803,17.82,Berlin
20210804,18.18,Berlin
20210805,18.74,Berlin
20210806,20.18,Berlin
20210807,19.99,Berlin
20210808,19.37,Berlin
20210809,18.2,Berlin
20210810,18.86,Berlin
20210811,18.49,Berlin
20210812,21.62,Berlin
20210813,24.23,Berlin
20210814,21.66,Berlin
20210815,21.13,Berlin
20210816,19.01,Berlin
20210817,15.77,Berlin
20210818,17.42,Berlin
20210819,18.44,Berlin
20210820,18.14,Berlin
20210821,18.75,Berlin
20210822,18.41,Berlin
20210823,15.97,Berlin
20210824,16.38,Berlin
20210825,16.41,Berlin
20210826,14.77,Berlin
20210827,14.23,Berlin
20210828,15.01,Berlin
20210829,15.55,Berlin
20210830,15.52,Berlin
20210831,15.86,Berlin
20210901,16.48,Berlin
20210902,16.92,Berlin
20210903,16.78,Berlin
20210904,15.51,Berlin
20210905,16.21,Berlin
20210906,16.51,Berlin
20210907,18.17,Berlin
20210908,18.98,Berlin
20210909,19.5,Berlin
20210910,21.24,Berlin
20210911,19.53,Berlin
20210912,18.27,Berlin
20210913,16.76,Berlin
20210914,16.93,Berlin
20210915,18.35,Berlin
20210916,17.31,Berlin
20210917,14.68,Berlin
20210918,14.42,Berlin
20210919,13.08,Berlin
20210920,11.92,Berlin
20210921,11.98,Berlin
20210922,13.67,Berlin
20210923,14.13,Berlin
20210924,15.07,Berlin
20210925,17.64,Berlin
20210926,18.52,Berlin
20210927,17.47,Berlin
20210928,16.03,Berlin
20210929,13.46,Berlin
20210930,11.35,Berlin
20211001,11.92,Berlin
20211002,14.1,Berlin
20211003,17.5,Berlin
20211004,14.05,Berlin
20211005,12.38,Berlin
20211006,11.73,Berlin
20211007,11.93,Berlin
20211008,10.92,Berlin
20211009,7.91,Berlin
20211010,6.97,Berlin
20211011,8.23,Berlin
20211012,8.39,Berlin
20211013,7.42,Berlin
20211014,9.99,Berlin
20211015,10.22,Berlin
20211016,8.2,Berlin
20211017,7.96,Berlin
20211018,9.83,Berlin
20211019,11.4,Berlin
20211020,14.24,Berlin
20211021,12.24,Berlin
20211022,7.18,Berlin
20211023,6.61,Berlin
20211024,6.54,Berlin
20211025,5.59,Berlin
20211026,8.9,Berlin
20211027,10.94,Berlin
20211028,9.79,Berlin
20211029,7.59,Berlin
20211030,8.36,Berlin
20211031,11.39,Berlin
20211101,8.91,Berlin
20211102,7.1,Berlin
20211103,5.88,Berlin
20211104,6.03,Berlin
20211105,7.67,Berlin
20211106,7.38,Berlin
20211107,7.35,Berlin
20211108,7.72,Berlin
20211109,6.64,Berlin
20211110,4.39,Berlin
20211111,4.58,Berlin
20211112,5.14,Berlin
20211113,5.01,Berlin
20211114,6.5,Berlin
20211115,4.22,Berlin
20211116,4.84,Berlin
20211117,4.79,Berlin
20211118,7.0,Berlin
20211119,10.44,Berlin
20211120,9.69,Berlin
20211121,6.68,Berlin
20211122,2.93,Berlin
20211123,3.95,Berlin
20211124,4.98,Berlin
20211125,2.76,Berlin
20211126,2.72,Berlin
20211127,-0.08,Berlin
20211128,-0.19,Berlin
20211129,0.19,Berlin
20211130,2.41,Berlin
20211201,4.24,Berlin
20211202,0.79,Berlin
20211203,-0.69,Berlin
20211204,0.74,Berlin
20211205,-0.54,Berlin
20211206,-2.19,Berlin
20211207,-1.98,Berlin
20211208,-1.6,Berlin
20211209,-1.68,Berlin
20211210,-1.16,Berlin
20211211,-1.67,Berlin
20211212,0.19,Berlin
20211213,2.59,Berlin
20211214,2.99,Berlin
20211215,6.04,Berlin
20211216,5.68,Berlin
20211217,4.08,Berlin
20211218,5.58,Berlin
20211219,5.11,Berlin
20211220,0.07,Berlin
20211221,-0.37,Berlin
20211222,-2.33,Berlin
20211223,-1.22,Berlin
20211224,0.12,Berlin
20211225,-5.97,Berlin
20211226,-9.22,Berlin
20211227,-5.91,Berlin
20211228,-0.83,Berlin
20211229,1.1,Berlin
20211230,5.81,Berlin
20211231,10.78,Berlin
20220101,10.3,Berlin
20220102,8.13,Berlin
20220103,7.97,Berlin
20220104,5.78,Berlin
20220105,2.61,Berlin
20220106,-0.7,Berlin
20220107,-0.46,Berlin
20220108,-0.42,Berlin
20220109,-0.17,Berlin
20220110,0.73,Berlin
20220111,-2.9,Berlin
20220112,-0.11,Berlin
20220113,2.19,Berlin
20220114,3.07,Berlin
20220115,0.02,Berlin
20220116,0.67,Berlin
20220117,2.64,Berlin
20220118,1.14,Berlin
20220119,2.51,Berlin
20220120,0.47,Berlin
20220121,-1.38,Berlin
20220122,1.7,Berlin
20220123,3.56,Berlin
20220124,3.58,Berlin
20220125,2.54,Berlin
20220126,1.75,Berlin
20220127,2.91,Berlin
20220128,3.41,Berlin
20220129,4.85,Berlin
20220130,4.37,Berlin
20220131,0.87,Berlin
20220201,2.23,Berlin
20220202,3.71,Berlin
20220203,2.62,Berlin
20220204,5.25,Berlin
20220205,3.75,Berlin
20220206,4.6,Berlin
20220207,2.97,Berlin
20220208,5.08,Berlin
20220209,8.1,Berlin
20220210,6.4,Berlin
20220211,2.83,Berlin
20220212,-0.34,Berlin
20220213,1.54,Berlin
20220214,4.48,Berlin
20220215,5.16,Berlin
20220216,6.41,Berlin
20220217,8.01,Berlin
20220218,5.76,Berlin
20220219,4.77,Berlin
20220220,4.9,Berlin
20220221,5.23,Berlin
20220222,4.79,Berlin
20220223,4.9,Berlin
20220224,4.52,Berlin
20220225,3.71,Berlin
20220226,2.97,Berlin
20220227,1.37,Berlin
20220228,-0.05,Berlin
20220301,0.06,Berlin
20220302,1.84,Berlin
20220303,0.31,Berlin
20220304,1.1,Berlin
20220305,0.31,Berlin
20220306,0.1,Berlin
20220307,1.65,Berlin
20220308,3.67,Berlin
20220309,3.59,Berlin
20220310,1.94,Berlin
20220311,0.39,Berlin
20220312,1.56,Berlin
20220313,2.83,Berlin
20220314,4.23,Berlin
20220315,6.2,Berlin
20220316,5.85,Berlin
20220317,5.96,Berlin
20220318,6.31,Berlin
20220319,4.67,Berlin
20220320,3.97,Berlin
20220321,4.17,Berlin
20220322,5.77,Berlin
20220323,8.35,Berlin
20220324,6.42,Berlin
20220325,8.5,Berlin
20220326,7.71,Berlin
20220327,7.9,Berlin
20220328,7.48,Berlin
20220329,6.69,Berlin
20220330,4.34,Berlin
20220331,2.89,Berlin
20220401,2.58,Berlin
20220402,1.57,Berlin
20220403,1.77,Berlin
20220404,3.02,Berlin
20220405,6.43,Berlin
20220406,10.05,Berlin
20220407,9.35,Berlin
20220408,6.34,Berlin
20220409,4.6,Berlin
20220410,4.04,Berlin
20220411,5.92,Berlin
20220412,7.83,Berlin
20220413,11.3,Berlin
20220414,11.43,Berlin
20220415,7.1,Berlin
20220416,5.8,Berlin
20220417,7.13,Berlin
20220418,7.65,Berlin
20220419,7.47,Berlin
20220420,8.47,Berlin
20220421,8.85,Berlin
20220422,9.8,Berlin
20220423,10.12,Berlin
20220424,10.72,Berlin
20220425,8.6,Berlin
20220426,10.37,Berlin
20220427,11.32,Berlin
20220428,10.72,Berlin
20220429,12.27,Berlin
20220430,12.82,Berlin
20220501,11.56,Berlin
20220502,12.48,Berlin
20220503,12.04,Berlin
20220504,13.81,Berlin
20220505,13.73,Berlin
20220506,14.07,Berlin
20220507,15.34,Berlin
20220508,13.74,Berlin
20220509,13.51,Berlin
20220510,17.31,Berlin
20220511,20.31,Berlin
20220512,15.87,Berlin
20220513,14.29,Berlin
20220514,15.14,Berlin
20220515,15.1,Berlin
20220516,17.93,Berlin
20220517,15.79,Berlin
20220518,17.79,Berlin
20220519,20.71,Berlin
20220520,20.27,Berlin
20220521,14.83,Berlin
20220522,14.53,Berlin
20220523,17.37,Berlin
20220524,17.05,Berlin
20220525,15.32,Berlin
20220526,16.77,Berlin
20220527,14.86,Berlin
20220528,11.86,Berlin
20220529,12.06,Berlin
20220530,11.9,Berlin
20220531,14.64,Berlin
20220601,14.65,Berlin
20220602,14.78,Berlin
20220603,18.72,Berlin
20220604,18.29,Berlin
20220605,20.23,Berlin
20220606,20.59,Berlin
20220607,19.24,Berlin
20220608,20.26,Berlin
20220609,18.84,Berlin
20220610,19.92,Berlin
20220611,22.39,Berlin
20220612,21.19,Berlin
20220613,16.37,Berlin
20220614,15.9,Berlin
20220615,19.78,Berlin
20220616,19.09,Berlin
20220617,20.13,Berlin
20220618,26.12,Berlin
20220619,24.83,Berlin
20220620,15.39,Berlin
20220621,18.73,Berlin
20220622,21.65,Berlin
20220623,22.86,Berlin
20220624,25.01,Berlin
20220625,22.67,Berlin
20220626,26.08,Berlin
20220627,27.86,Berlin
20220628,21.56,Berlin
20220629,21.65,Berlin
20220630,22.99,Berlin
20220701,20.43,Berlin
20220702,20.74,Berlin
20220703,24.23,Berlin
20220704,21.74,Berlin
20220705,20.74,Berlin
20220706,18.47,Berlin
20220707,16.89,Berlin
20220708,17.77,Berlin
20220709,16.1,Berlin
20220710,16.72,Berlin
20220711,18.55,Berlin
20220712,20.79,Berlin
20220713,24.47,Berlin
20220714,20.06,Berlin
20220715,17.53,Berlin
20220716,17.63,Berlin
20220717,17.6,Berlin
20220718,22.66,Berlin
20220719,26.73,Berlin
20220720,29.21,Berlin
20220721,25.66,Berlin
20220722,22.3,Berlin
20220723,20.23,Berlin
20220724,21.68,Berlin
20220725,26.76,Berlin
20220726,20.73,Berlin
20220727,18.07,Berlin
20220728,18.26,Berlin
20220729,21.31,Berlin
20220730,21.86,Berlin
20220731,23.09,Berlin
20220801,21.73,Berlin
20220802,22.02,Berlin
20220803,27.22,Berlin
20220804,29.54,Berlin
20220805,23.98,Berlin
20220806,18.91,Berlin
20220807,20.42,Berlin
20220808,22.12,Berlin
20220809,21.74,Berlin
20220810,22.35,Berlin
20220811,23.86,Berlin
20220812,24.29,Berlin
20220813,24.25,Berlin
20220814,26.55,Berlin
20220815,24.9,Berlin
20220816,25.16,Berlin
20220817,26.95,Berlin
20220818,25.62,Berlin
20220819,23.13,Berlin
20220820,21.05,Berlin
20220821,20.2,Berlin
20220822,20.32,Berlin
20220823,21.15,Berlin
20220824,23.02,Berlin
20220825,24.17,Berlin
20220826,24.31,Berlin
20220827,20.87,Berlin
20220828,19.73,Berlin
20220829,18.41,Berlin
20220830,18.52,Berlin
20220831,18.28,Berlin
20220901,17.56,Berlin
20220902,17.38,Berlin
20220903,17.63,Berlin
20220904,18.82,Berlin
20220905,19.43,Berlin
20220906,17.95,Berlin
20220907,19.71,Berlin
20220908,17.13,Berlin
20220909,17.43,Berlin
20220910,16.81,Berlin
20220911,16.76,Berlin
20220912,16.5,Berlin
20220913,17.08,Berlin
20220914,14.64,Berlin
20220915,14.55,Berlin
20220916,13.67,Berlin
20220917,12.64,Berlin
20220918,11.29,Berlin
20220919,11.86,Berlin
20220920,11.77,Berlin
20220921,12.26,Berlin
20220922,11.52,Berlin
20220923,11.5,Berlin
20220924,12.83,Berlin
20220925,13.38,Berlin
20220926,12.75,Berlin
20220927,11.01,Berlin
20220928,8.47,Berlin
20220929,9.58,Berlin
20220930,10.43,Berlin
20221001,9.9,Berlin
20221002,12.43,Berlin
20221003,12.49,Berlin
20221004,13.3,Berlin
20221005,13.52,Berlin
20221006,14.03,Berlin
20221007,11.4,Berlin
20221008,11.88,Berlin
20221009,10.41,Berlin
20221010,11.06,Berlin
20221011,10.59,Berlin
20221012,10.27,Berlin
20221013,10.45,Berlin
20221014,12.91,Berlin
20221015,14.58,Berlin
20221016,14.97,Berlin
20221017,17.56,Berlin
20221018,13.78,Berlin
20221019,10.33,Berlin
20221020,8.8,Berlin
20221021,12.26,Berlin
20221022,13.69,Berlin
20221023,13.66,Berlin
20221024,14.62,Berlin
20221025,12.99,Berlin
20221026,11.74,Berlin
20221027,13.4,Berlin
20221028,16.28,Berlin
20221029,15.81,Berlin
20221030,15.05,Berlin
20221031,13.85,Berlin
20221101,12.77,Berlin
20221102,9.6,Berlin
20221103,8.34,Berlin
20221104,8.57,Berlin
20221105,6.93,Berlin
20221106,6.77,Berlin
20221107,9.27,Berlin
20221108,10.85,Berlin
20221109,11.27,Berlin
20221110,10.56,Berlin
20221111,9.03,Berlin
20221112,7.33,Berlin
20221113,7.32,Berlin
20221114,6.42,Berlin
20221115,7.6,Berlin
20221116,5.53,Berlin
20221117,3.1,Berlin
20221118,-1.32,Berlin
20221119,-1.62,Berlin
20221120,-1.09,Berlin
20221121,-2.32,Berlin
20221122,-0.43,Berlin
20221123,1.46,Berlin
20221124,1.81,Berlin
20221125,3.87,Berlin
20221126,5.65,Berlin
20221127,4.46,Berlin
20221128,2.42,Berlin
20221129,2.48,Berlin
20221130,1.58,Berlin
20221201,-0.53,Berlin
20221202,-0.27,Berlin
20221203,-2.03,Berlin
20221204,0.0,Berlin
20221205,0.63,Berlin
20221206,-0.08,Berlin
20221207,0.82,Berlin
20221208,0.89,Berlin
20221209,-0.87,Berlin
20221210,-2.66,Berlin
20221211,-3.63,Berlin
20221212,-2.37,Berlin
20221213,-4.61,Berlin
20221214,-7.34,Berlin
20221215,-6.97,Berlin
20221216,-5.93,Berlin
20221217,-4.83,Berlin
20221218,-5.27,Berlin
20221219,-1.59,Berlin
20221220,2.19,Berlin
20221221,3.18,Berlin
20221222,3.48,Berlin
20221223,4.21,Berlin
20221224,4.41,Berlin
20221225,5.34,Berlin
20221226,7.46,Berlin
20221227,2.49,Berlin
20221228,4.14,Berlin
20221229,7.68,Berlin
20221230,5.39,Berlin
20221231,12.13,Berlin
20230101,10.92,Berlin
20230102,10.02,Berlin
20230103,5.01,Berlin
20230104,6.39,Berlin
20230105,6.74,Berlin
20230106,5.89,Berlin
20230107,6.69,Berlin
20230108,5.13,Berlin
20230109,4.18,Berlin
20230110,4.63,Berlin
20230111,4.9,Berlin
20230112,7.32,Berlin
20230113,8.25,Berlin
20230114,6.34,Berlin
20230115,5.91,Berlin
20230116,3.17,Berlin
20230117,1.22,Berlin
20230118,-1.15,Berlin
20230119,-1.34,Berlin
20230120,-1.13,Berlin
20230121,0.32,Berlin
20230122,0.17,Berlin
20230123,-0.58,Berlin
20230124,-0.69,Berlin
20230125,-0.37,Berlin
20230126,-1.14,Berlin
20230127,-0.5,Berlin
20230128,-1.63,Berlin
20230129,-0.65,Berlin
20230130,2.15,Berlin
20230131,2.47,Berlin
20230201,3.32,Berlin
20230202,3.09,Berlin
20230203,5.09,Berlin
20230204,-0.48,Berlin
20230205,-2.62,Berlin
20230206,-1.73,Berlin
20230207,-2.56,Berlin
20230208,-3.28,Berlin
20230209,-2.86,Berlin
20230210,1.03,Berlin
20230211,3.94,Berlin
20230212,4.38,Berlin
20230213,4.59,Berlin
20230214,2.96,Berlin
20230215,1.69,Berlin
20230216,4.31,Berlin
20230217,8.3,Berlin
20230218,6.19,Berlin
20230219,3.35,Berlin
20230220,5.61,Berlin
20230221,8.24,Berlin
20230222,5.86,Berlin
20230223,5.19,Berlin
20230224,2.27,Berlin
20230225,1.06,Berlin
20230226,-0.71,Berlin
20230227,-0.54,Berlin
20230228,0.33,Berlin
20230301,1.59,Berlin
20230302,-0.06,Berlin
20230303,-0.2,Berlin
20230304,2.7,Berlin
20230305,0.65,Berlin
20230306,-0.03,Berlin
20230307,1.01,Berlin
20230308,-0.14,Berlin
20230309,0.24,Berlin
20230310,2.56,Berlin
20230311,0.06,Berlin
20230312,1.02,Berlin
20230313,8.74,Berlin
20230314,8.33,Berlin
20230315,1.62,Berlin
20230316,2.48,Berlin
20230317,6.03,Berlin
20230318,10.35,Berlin
20230319,10.23,Berlin
20230320,7.51,Berlin
20230321,7.73,Berlin
20230322,10.18,Berlin
20230323,11.16,Berlin
20230324,10.99,Berlin
20230325,8.78,Berlin
20230326,7.78,Berlin
20230327,2.73,Berlin
20230328,2.79,Berlin
20230329,5.87,Berlin
20230330,10.56,Berlin
20230331,9.55,Berlin
20230401,7.39,Berlin
20230402,3.17,Berlin
20230403,1.43,Berlin
20230404,1.6,Berlin
20230405,3.27,Berlin
20230406,4.47,Berlin
20230407,4.07,Berlin
20230408,6.77,Berlin
20230409,6.73,Berlin
20230410,9.68,Berlin
20230411,7.79,Berlin
20230412,7.46,Berlin
20230413,8.97,Berlin
20230414,7.21,Berlin
20230415,9.28,Berlin
20230416,8.69,Berlin
20230417,7.08,Berlin
20230418,7.89,Berlin
20230419,5.99,Berlin
20230420,8.65,Berlin
20230421,12.44,Berlin
20230422,13.35,Berlin
20230423,13.1,Berlin
20230424,11.83,Berlin
20230425,7.46,Berlin
20230426,6.04,Berlin
20230427,6.78,Berlin
20230428,9.47,Berlin
20230429,11.11,Berlin
20230430,8.32,Berlin
20230501,10.94,Berlin
20230502,9.76,Berlin
20230503,8.73,Berlin
20230504,10.89,Berlin
20230505,12.91,Berlin
20230506,9.44,Berlin
20230507,10.4,Berlin
20230508,10.48,Berlin
20230509,11.75,Berlin
20230510,14.27,Berlin
20230511,15.43,Berlin
20230512,15.47,Berlin
20230513,15.1,Berlin
20230514,15.21,Berlin
20230515,15.27,Berlin
20230516,11.59,Berlin
20230517,10.08,Berlin
20230518,10.78,Berlin
20230519,12.91,Berlin
20230520,14.87,Berlin
20230521,18.69,Berlin
20230522,19.19,Berlin
20230523,15.23,Berlin
20230524,11.8,Berlin
20230525,14.35,Berlin
20230526,13.63,Berlin
20230527,14.4,Berlin
20230528,16.59,Berlin
20230529,15.46,Berlin
20230530,15.55,Berlin
20230531,17.27,Berlin
20230601,16.13,Berlin
20230602,13.52,Berlin
20230603,14.11,Berlin
20230604,16.84,Berlin
20230605,19.09,Berlin
20230606,19.68,Berlin
20230607,21.71,Berlin
20230608,22.44,Berlin
20230609,21.85,Berlin
20230610,21.68,Berlin
20230611,21.41,Berlin
20230612,21.3,Berlin
20230613,18.79,Berlin
20230614,17.47,Berlin
20230615,18.51,Berlin
20230616,16.38,Berlin
20230617,18.05,Berlin
20230618,21.11,Berlin
20230619,23.42,Berlin
20230620,23.51,Berlin
20230621,24.16,Berlin
20230622,23.91,Berlin
20230623,18.12,Berlin
20230624,20.08,Berlin
20230625,22.72,Berlin
20230626,22.88,Berlin
20230627,17.36,Berlin
20230628,18.38,Berlin
20230629,21.5,Berlin
20230630,19.29,Berlin
20230701,19.52,Berlin
20230702,18.75,Berlin
20230703,17.84,Berlin
20230704,18.3,Berlin
20230705,18.75,Berlin
20230706,18.42,Berlin
20230707,21.77,Berlin
20230708,23.96,Berlin
20230709,25.23,Berlin
20230710,23.15,Berlin
20230711,23.91,Berlin
20230712,23.26,Berlin
20230713,20.95,Berlin
20230714,21.08,Berlin
20230715,27.08,Berlin
20230716,24.13,Berlin
20230717,22.11,Berlin
20230718,20.08,Berlin
20230719,21.26,Berlin
20230720,18.55,Berlin
20230721,17.55,Berlin
20230722,18.29,Berlin
20230723,20.19,Berlin
20230724,21.53,Berlin
20230725,18.18,Berlin
20230726,16.24,Berlin
20230727,16.35,Berlin
20230728,20.52,Berlin
20230729,20.44,Berlin
20230730,19.77,Berlin
20230731,18.31,Berlin
20230801,18.18,Berlin
20230802,19.05,Berlin
20230803,19.7,Berlin
20230804,19.5,Berlin
20230805,18.39,Berlin
20230806,16.08,Berlin
20230807,15.99,Berlin
20230808,15.66,Berlin
20230809,15.46,Berlin
20230810,17.02,Berlin
20230811,20.49,Berlin
20230812,23.25,Berlin
20230813,22.25,Berlin
20230814,23.74,Berlin
20230815,24.47,Berlin
20230816,23.7,Berlin
20230817,22.04,Berlin
20230818,24.58,Berlin
20230819,26.64,Berlin
20230820,25.11,Berlin
20230821,23.39,Berlin
20230822,22.06,Berlin
20230823,21.92,Berlin
20230824,23.28,Berlin
20230825,22.46,Berlin
20230826,20.59,Berlin
20230827,18.39,Berlin
20230828,16.36,Berlin
20230829,15.73,Berlin
20230830,16.19,Berlin
20230831,14.91,Berlin
20230901,16.12,Berlin
20230902,17.16,Berlin
20230903,17.16,Berlin
20230904,19.75,Berlin
20230905,21.15,Berlin
20230906,21.76,Berlin
20230907,21.85,Berlin
20230908,21.65,Berlin
20230909,22.25,Berlin
20230910,23.54,Berlin
20230911,24.09,Berlin
20230912,22.71,Berlin
20230913,19.39,Berlin
20230914,15.72,Berlin
20230915,17.2,Berlin
20230916,19.27,Berlin
20230917,20.66,Berlin
20230918,21.54,Berlin
20230919,17.96,Berlin
20230920,18.96,Berlin
20230921,21.16,Berlin
20230922,17.05,Berlin
20230923,15.23,Berlin
20230924,14.86,Berlin
20230925,15.56,Berlin
20230926,18.21,Berlin
20230927,20.19,Berlin
20230928,20.5,Berlin
20230929,19.56,Berlin
20230930,15.55,Berlin
20231001,15.68,Berlin
20231002,19.01,Berlin
20231003,17.57,Berlin
20231004,14.1,Berlin
20231005,13.43,Berlin
20231006,14.5,Berlin
20231007,15.85,Berlin
20231008,11.79,Berlin
20231009,10.9,Berlin
20231010,13.87,Berlin
20231011,18.03,Berlin
20231012,14.65,Berlin
20231013,16.96,Berlin
20231014,14.19,Berlin
20231015,7.78,Berlin
20231016,7.34,Berlin
20231017,8.11,Berlin
20231018,7.24,Berlin
20231019,6.39,Berlin
20231020,5.78,Berlin
20231021,11.45,Berlin
20231022,12.01,Berlin
20231023,11.6,Berlin
20231024,10.79,Berlin
20231025,9.98,Berlin
20231026,8.79,Berlin
20231027,8.21,Berlin
20231028,9.4,Berlin
20231029,11.0,Berlin
20231030,12.13,Berlin
20231031,10.48,Berlin
20231101,9.88,Berlin
20231102,9.75,Berlin
20231103,8.43,Berlin
20231104,7.81,Berlin
20231105,9.18,Berlin
20231106,9.65,Berlin
20231107,8.66,Berlin
20231108,7.87,Berlin
20231109,7.79,Berlin
20231110,7.18,Berlin
20231111,5.18,Berlin
20231112,5.64,Berlin
20231113,5.46,Berlin
20231114,10.01,Berlin
20231115,7.42,Berlin
20231116,5.43,Berlin
20231117,3.19,Berlin
20231118,3.27,Berlin
20231119,7.62,Berlin
20231120,8.61,Berlin
20231121,2.43,Berlin
20231122,-2.08,Berlin
20231123,6.44,Berlin
20231124,3.86,Berlin
20231125,0.09,Berlin
20231126,-1.69,Berlin
20231127,-0.57,Berlin
20231128,-1.81,Berlin
20231129,-1.49,Berlin
20231130,-3.25,Berlin
20231201,-4.63,Berlin
20231202,-4.33,Berlin
20231203,-4.0,Berlin
20231204,-3.4,Berlin
20231205,-2.26,Berlin
20231206,-1.58,Berlin
20231207,-1.74,Berlin
20231208,-1.24,Berlin
20231209,0.88,Berlin
20231210,2.16,Berlin
20231211,4.85,Berlin
20231212,4.39,Berlin
20231213,2.49,Berlin
20231214,0.83,Berlin
20231215,1.31,Berlin
20231216,5.93,Berlin
20231217,6.75,Berlin
20231218,4.87,Berlin
20231219,4.39,Berlin
20231220,4.99,Berlin
20231221,6.64,Berlin
20231222,3.23,Berlin
20231223,1.81,Berlin
20231224,6.81,Berlin
20231225,9.04,Berlin
20231226,7.92,Berlin
20231227,3.0,Berlin
20231228,5.83,Berlin
20231229,7.95,Berlin
20231230,5.5,Berlin
20231231,4.91,Berlin
20240101,5.23,Berlin
20240102,4.6,Berlin
20240103,8.3,Berlin
20240104,3.14,Berlin
20240105,-0.35,Berlin
20240106,-0.66,Berlin
20240107,-3.46,Berlin
20240108,-8.45,Berlin
20240109,-9.88,Berlin
20240110,-7.54,Berlin
20240111,-4.13,Berlin
20240112,-1.41,Berlin
20240113,0.92,Berlin
20240114,0.98,Berlin
20240115,-0.01,Berlin
20240116,-1.12,Berlin
20240117,-3.27,Berlin
20240118,-3.6,Berlin
20240119,-2.63,Berlin
20240120,-2.11,Berlin
20240121,-3.06,Berlin
20240122,3.6,Berlin
20240123,3.88,Berlin
20240124,7.53,Berlin
20240125,5.27,Berlin
20240126,3.64,Berlin
20240127,2.65,Berlin
20240128,0.64,Berlin
20240129,1.02,Berlin
20240130,2.99,Berlin
20240131,3.55,Berlin
20240201,4.54,Berlin
20240202,4.97,Berlin
20240203,8.46,Berlin
20240204,6.16,Berlin
20240205,9.12,Berlin
20240206,8.62,Berlin
20240207,4.16,Berlin
20240208,0.83,Berlin
20240209,2.97,Berlin
20240210,7.92,Berlin
20240211,6.4,Berlin
20240212,5.91,Berlin
20240213,3.93,Berlin
20240214,5.38,Berlin
20240215,9.37,Berlin
20240216,10.33,Berlin
20240217,7.48,Berlin
20240218,5.61,Berlin
20240219,7.06,Berlin
20240220,7.02,Berlin
20240221,7.3,Berlin
20240222,8.41,Berlin
20240223,6.21,Berlin
20240224,4.24,Berlin
20240225,4.46,Berlin
20240226,4.25,Berlin
20240227,3.73,Berlin
20240228,2.55,Berlin
20240229,3.56,Berlin
20240301,6.83,Berlin
20240302,8.25,Berlin
20240303,9.14,Berlin
20240304,8.33,Berlin
20240305,4.41,Berlin
20240306,3.22,Berlin
20240307,3.22,Berlin
20240308,1.78,Berlin
20240309,3.92,Berlin
20240310,7.31,Berlin
20240311,9.83,Berlin
20240312,8.07,Berlin
20240313,7.65,Berlin
20240314,10.12,Berlin
20240315,11.17,Berlin
20240316,8.13,Berlin
20240317,3.77,Berlin
20240318,1.08,Berlin
20240319,2.77,Berlin
20240320,7.57,Berlin
20240321,9.86,Berlin
20240322,8.87,Berlin
20240323,5.78,Berlin
20240324,4.58,Berlin
20240325,5.93,Berlin
20240326,5.94,Berlin
20240327,9.83,Berlin
20240328,8.73,Berlin
20240329,8.43,Berlin
20240330,13.55,Berlin
20240331,12.15,Berlin
20240401,11.77,Berlin
20240402,10.17,Berlin
20240403,9.37,Berlin
20240404,10.84,Berlin
20240405,13.14,Berlin
20240406,15.81,Berlin
20240407,16.3,Berlin
20240408,18.16,Berlin
20240409,15.85,Berlin
20240410,10.66,Berlin
20240411,10.42,Berlin
20240412,13.71,Berlin
20240413,15.86,Berlin
20240414,12.74,Berlin
20240415,9.6,Berlin
20240416,6.69,Berlin
20240417,5.99,Berlin
20240418,6.0,Berlin
20240419,5.78,Berlin
20240420,5.36,Berlin
20240421,3.56,Berlin
20240422,2.77,Berlin
20240423,4.14,Berlin
20240424,5.31,Berlin
20240425,4.84,Berlin
20240426,8.45,Berlin
20240427,12.56,Berlin
20240428,14.81,Berlin
20240429,14.76,Berlin
20240430,17.79,Berlin
20240501,17.78,Berlin
20240502,17.93,Berlin
20240503,17.02,Berlin
20240504,15.65,Berlin
20240505,14.87,Berlin
20240506,13.05,Berlin
20240507,10.83,Berlin
20240508,11.87,Berlin
20240509,13.14,Berlin
20240510,16.37,Berlin
20240511,15.21,Berlin
20240512,14.21,Berlin
20240513,14.98,Berlin
20240514,16.05,Berlin
20240515,17.25,Berlin
20240516,17.7,Berlin
20240517,17.2,Berlin
20240518,15.42,Berlin
20240519,15.99,Berlin
20240520,16.69,Berlin
20240521,19.13,Berlin
20240522,19.01,Berlin
20240523,17.65,Berlin
20240524,18.17,Berlin
20240525,18.42,Berlin
20240526,18.94,Berlin
20240527,18.5,Berlin
20240528,15.47,Berlin
20240529,15.98,Berlin
20240530,15.94,Berlin
20240531,17.85,Berlin
20240601,19.95,Berlin
20240602,18.9,Berlin
20240603,14.92,Berlin
20240604,16.62,Berlin
20240605,16.05,Berlin
20240606,15.11,Berlin
20240607,15.94,Berlin
20240608,18.2,Berlin
20240609,15.14,Berlin
20240610,14.64,Berlin
20240611,13.2,Berlin
20240612,13.22,Berlin
20240613,13.95,Berlin
20240614,15.16,Berlin
20240615,17.02,Berlin
20240616,18.28,Berlin
20240617,19.23,Berlin
20240618,20.87,Berlin
20240619,16.79,Berlin
20240620,17.81,Berlin
20240621,21.44,Berlin
20240622,19.24,Berlin
20240623,18.72,Berlin
20240624,20.21,Berlin
20240625,21.67,Berlin
20240626,24.4,Berlin
20240627,25.23,Berlin
20240628,23.19,Berlin
20240629,23.73,Berlin
20240630,22.77,Berlin
20240701,17.65,Berlin
20240702,16.22,Berlin
20240703,15.24,Berlin
20240704,15.73,Berlin
20240705,16.84,Berlin
20240706,21.94,Berlin
20240707,18.12,Berlin
20240708,21.12,Berlin
20240709,25.02,Berlin
20240710,24.28,Berlin
20240711,23.01,Berlin
20240712,22.07,Berlin
20240713,18.99,Berlin
20240714,20.21,Berlin
20240715,23.25,Berlin
20240716,22.56,Berlin
20240717,19.79,Berlin
20240718,20.96,Berlin
20240719,23.86,Berlin
20240720,24.87,Berlin
20240721,26.28,Berlin
20240722,22.2,Berlin
20240723,22.23,Berlin
20240724,20.02,Berlin
20240725,18.65,Berlin
20240726,21.44,Berlin
20240727,20.11,Berlin
20240728,19.06,Berlin
20240729,18.82,Berlin
20240730,21.65,Berlin
20240731,24.0,Berlin
20240801,23.7,Berlin
20240802,20.01,Berlin
20240803,21.54,Berlin
20240804,20.39,Berlin
20240805,19.33,Berlin
20240806,21.85,Berlin
20240807,23.87,Berlin
20240808,20.51,Berlin
20240809,20.86,Berlin
20240810,21.0,Berlin
20240811,21.42,Berlin
20240812,21.82,Berlin
20240813,23.89,Berlin
20240814,25.54,Berlin
20240815,24.29,Berlin
20240816,24.55,Berlin
20240817,24.28,Berlin
20240818,20.08,Berlin
20240819,19.08,Berlin
20240820,21.74,Berlin
20240821,19.8,Berlin
20240822,19.0,Berlin
20240823,21.89,Berlin
20240824,25.27,Berlin
20240825,20.31,Berlin
20240826,20.39,Berlin
20240827,21.25,Berlin
20240828,23.91,Berlin
20240829,27.72,Berlin
20240830,22.93,Berlin
20240831,19.45,Berlin
20240901,19.97,Berlin
20240902,21.11,Berlin
20240903,25.16,Berlin
20240904,26.52,Berlin
20240905,25.32,Berlin
20240906,23.49,Berlin
20240907,24.63,Berlin
20240908,25.81,Berlin
20240909,18.69,Berlin
20240910,17.03,Berlin
20240911,14.88,Berlin
20240912,12.5,Berlin
20240913,12.34,Berlin
20240914,13.83,Berlin
20240915,13.81,Berlin
20240916,15.23,Berlin
20240917,18.53,Berlin
20240918,18.67,Berlin
20240919,18.72,Berlin
20240920,17.69,Berlin
20240921,16.85,Berlin
20240922,17.59,Berlin
20240923,18.52,Berlin
20240924,15.55,Berlin
20240925,15.37,Berlin
20240926,16.21,Berlin
20240927,16.07,Berlin
20240928,11.74,Berlin
20240929,9.7,Berlin
20240930,10.58,Berlin
20241001,9.67,Berlin
20241002,9.85,Berlin
20241003,10.9,Berlin
20241004,11.78,Berlin
20241005,10.53,Berlin
20241006,9.48,Berlin
20241007,11.62,Berlin
20241008,15.44,Berlin
20241009,15.59,Berlin
20241010,14.8,Berlin
20241011,8.85,Berlin
20241012,8.45,Berlin
20241013,10.25,Berlin
20241014,8.5,Berlin
20241015,7.79,Berlin
20241016,8.94,Berlin
20241017,11.28,Berlin
20241018,12.54,Berlin
20241019,13.99,Berlin
20241020,14.1,Berlin
20241021,15.34,Berlin
20241022,12.0,Berlin
20241023,10.86,Berlin
20241024,9.96,Berlin
20241025,11.47,Berlin
20241026,12.38,Berlin
20241027,11.2,Berlin
20241028,11.71,Berlin
20241029,13.21,Berlin
20241030,12.12,Berlin
20241031,10.58,Berlin
20241101,10.45,Berlin
20241102,6.73,Berlin
20241103,4.24,Berlin
20241104,7.59,Berlin
20241105,6.98,Berlin
20241106,5.2,Berlin
20241107,4.82,Berlin
20241108,4.19,Berlin
20241109,3.31,Berlin
20241110,1.69,Berlin
20241111,4.44,Berlin
20241112,3.47,Berlin
20241113,5.08,Berlin
20241114,6.11,Berlin
20241115,6.35,Berlin
20241116,5.63,Berlin
20241117,5.43,Berlin
20241118,4.04,Berlin
20241119,3.33,Berlin
20241120,1.48,Berlin
20241121,0.32,Berlin
20241122,0.62,Berlin
20241123,0.57,Berlin
20241124,6.93,Berlin
20241125,8.65,Berlin
20241126,7.62,Berlin
20241127,6.04,Berlin
20241128,5.92,Berlin
20241129,3.4,Berlin
20241130,0.71,Berlin
20241201,-0.26,Berlin
20241202,1.97,Berlin
20241203,4.62,Berlin
20241204,3.5,Berlin
20241205,2.41,Berlin
20241206,3.0,Berlin
20241207,4.27,Berlin
20241208,3.0,Berlin
20241209,2.05,Berlin
20241210,0.65,Berlin
20241211,0.29,Berlin
20241212,0.67,Berlin
20241213,-1.43,Berlin
20241214,-0.58,Berlin
20241215,3.69,Berlin
20241216,9.11,Berlin
20241217,7.7,Berlin
20241218,6.41,Berlin
20241219,8.59,Berlin
20241220,3.7,Berlin
20241221,3.16,Berlin
20241222,4.9,Berlin
20241223,2.58,Berlin
20241224,1.69,Berlin
20241225,2.7,Berlin
20241226,4.53,Berlin
20241227,2.57,Berlin
20241228,-0.58,Berlin
20241229,-0.71,Berlin
20241230,1.52,Berlin
20241231,0.4,Berlin
20250101,2.93,Berlin
